Date,SKU Code,SKU Name,Platform,Ad Spend (₹),Impressions,Clicks,CTR,Ad Orders,Attributed Revenue (₹),ROAS,ACoS
2026-08-11,VQ-Guava Toner-Cleanser-Serum-Jamun Toner,ComboAndKit,Flipkart,156,2808,70,2.49%,6,2514,16.12x,6.2%
2026-08-10,VQ-Guava Toner-Cleanser-Serum-Jamun Toner,ComboAndKit,Meesho,1219,45103,2164,4.80%,318,133242,109.30x,0.9%
2026-08-09,VQ-Guava Toner-Cleanser-Serum-Jamun Toner,ComboAndKit,Myntra,1066,20254,874,4.32%,109,45671,42.84x,2.3%
2026-08-08,VQ-Guava Toner-Cleanser-Serum-Jamun Toner,ComboAndKit,Own Website,310,5580,257,4.61%,33,13827,44.60x,2.2%
2026-08-07,VQ-Guava Toner-Cleanser-Serum-Jamun Toner,ComboAndKit,Amazon,973,34055,792,2.33%,29,12151,12.49x,8.0%
2026-08-06,VQ-Guava Toner-Cleanser-Serum-Jamun Toner,ComboAndKit,Flipkart,569,14225,713,5.01%,95,39805,69.96x,1.4%
2026-08-05,VQ-Guava Toner-Cleanser-Serum-Jamun Toner,ComboAndKit,Meesho,888,24864,1318,5.30%,197,82543,92.95x,1.1%
2026-08-04,VQ-Guava Toner-Cleanser-Serum-Jamun Toner,ComboAndKit,Myntra,170,5440,180,3.31%,16,6704,39.44x,2.5%
2026-08-03,VQ-Guava Toner-Cleanser-Serum-Jamun Toner,ComboAndKit,Own Website,929,18580,834,4.49%,100,41900,45.10x,2.2%
2026-08-02,VQ-Guava Toner-Cleanser-Serum-Jamun Toner,ComboAndKit,Amazon,684,21888,1033,4.72%,132,55308,80.86x,1.2%
2026-08-01,VQ-Guava Toner-Cleanser-Serum-Jamun Toner,ComboAndKit,Flipkart,866,19052,791,4.15%,37,15503,17.90x,5.6%
2026-07-31,VQ-Guava Toner-Cleanser-Serum-Jamun Toner,ComboAndKit,Meesho,693,10395,542,5.21%,68,28492,41.11x,2.4%
2026-07-30,VQ-Guava Toner-Cleanser-Serum-Jamun Toner,ComboAndKit,Myntra,673,13460,234,1.74%,29,12151,18.05x,5.5%
2026-07-29,VQ-Guava Toner-Cleanser-Serum-Jamun Toner,ComboAndKit,Own Website,644,23184,434,1.87%,52,21788,33.83x,3.0%
2026-07-28,VQ-Guava Toner-Cleanser-Serum-Jamun Toner,ComboAndKit,Amazon,474,18486,821,4.44%,40,16760,35.36x,2.8%
2026-08-11,RM-Shampoo-Con-Oil-Serum-Water,ComboAndKit,Meesho,836,23408,433,1.85%,57,23883,28.57x,3.5%
2026-08-10,RM-Shampoo-Con-Oil-Serum-Water,ComboAndKit,Myntra,361,5776,279,4.83%,39,16341,45.27x,2.2%
2026-08-09,RM-Shampoo-Con-Oil-Serum-Water,ComboAndKit,Own Website,226,4068,172,4.23%,9,3771,16.69x,6.0%
2026-08-08,RM-Shampoo-Con-Oil-Serum-Water,ComboAndKit,Amazon,787,29119,793,2.72%,90,37710,47.92x,2.1%
2026-08-07,RM-Shampoo-Con-Oil-Serum-Water,ComboAndKit,Flipkart,863,18986,736,3.88%,45,18855,21.85x,4.6%
2026-08-06,RM-Shampoo-Con-Oil-Serum-Water,ComboAndKit,Meesho,659,22406,555,2.48%,50,20950,31.79x,3.1%
2026-08-05,RM-Shampoo-Con-Oil-Serum-Water,ComboAndKit,Myntra,877,14909,797,5.35%,27,11313,12.90x,7.8%
2026-08-04,RM-Shampoo-Con-Oil-Serum-Water,ComboAndKit,Own Website,1188,36828,761,2.07%,29,12151,10.23x,9.8%
2026-08-03,RM-Shampoo-Con-Oil-Serum-Water,ComboAndKit,Amazon,361,10469,540,5.16%,73,30587,84.73x,1.2%
2026-08-02,RM-Shampoo-Con-Oil-Serum-Water,ComboAndKit,Flipkart,1130,38420,1446,3.76%,162,67878,60.07x,1.7%
2026-08-01,RM-Shampoo-Con-Oil-Serum-Water,ComboAndKit,Meesho,389,13615,642,4.72%,59,24721,63.55x,1.6%
2026-07-31,RM-Shampoo-Con-Oil-Serum-Water,ComboAndKit,Myntra,979,34265,1057,3.08%,86,36034,36.81x,2.7%
2026-07-30,RM-Shampoo-Con-Oil-Serum-Water,ComboAndKit,Own Website,548,14796,700,4.73%,72,30168,55.05x,1.8%
2026-07-29,RM-Shampoo-Con-Oil-Serum-Water,ComboAndKit,Amazon,980,35280,1455,4.12%,122,51118,52.16x,1.9%
2026-07-28,RM-Shampoo-Con-Oil-Serum-Water,ComboAndKit,Flipkart,615,11685,484,4.14%,52,21788,35.43x,2.8%
2026-08-11,DA-BODY-SCRUB-001,BodyScrub,Myntra,1210,30250,1006,3.33%,103,43157,35.67x,2.8%
2026-08-10,DA-BODY-SCRUB-001,BodyScrub,Own Website,179,2685,146,5.44%,7,2933,16.39x,6.1%
2026-08-09,DA-BODY-SCRUB-001,BodyScrub,Amazon,1278,33228,1571,4.73%,85,35615,27.87x,3.6%
2026-08-08,DA-BODY-SCRUB-001,BodyScrub,Flipkart,686,15092,227,1.50%,25,10475,15.27x,6.5%
2026-08-07,DA-BODY-SCRUB-001,BodyScrub,Meesho,634,10144,314,3.10%,22,9218,14.54x,6.9%
2026-08-06,DA-BODY-SCRUB-001,BodyScrub,Myntra,513,18981,727,3.83%,84,35196,68.61x,1.5%
2026-08-05,DA-BODY-SCRUB-001,BodyScrub,Own Website,464,16240,849,5.23%,32,13408,28.90x,3.5%
2026-08-04,DA-BODY-SCRUB-001,BodyScrub,Amazon,1019,27513,1178,4.28%,73,30587,30.02x,3.3%
2026-08-03,DA-BODY-SCRUB-001,BodyScrub,Flipkart,682,11594,388,3.35%,37,15503,22.73x,4.4%
2026-08-02,DA-BODY-SCRUB-001,BodyScrub,Meesho,992,27776,1105,3.98%,130,54470,54.91x,1.8%
2026-08-01,DA-BODY-SCRUB-001,BodyScrub,Myntra,216,3672,115,3.13%,5,2095,9.70x,10.3%
2026-07-31,DA-BODY-SCRUB-001,BodyScrub,Own Website,625,23125,1185,5.12%,42,17598,28.16x,3.6%
2026-07-30,DA-BODY-SCRUB-001,BodyScrub,Amazon,443,16834,566,3.36%,55,23045,52.02x,1.9%
2026-07-29,DA-BODY-SCRUB-001,BodyScrub,Flipkart,294,9702,438,4.51%,53,22207,75.53x,1.3%
2026-07-28,DA-BODY-SCRUB-001,BodyScrub,Meesho,523,9937,360,3.62%,49,20531,39.26x,2.5%
2026-08-11,VQ-Guava cleanser-Moisturizer-Serum-Pineapple Moisturizer,ComboAndKit,Own Website,1292,34884,1044,2.99%,87,36453,28.21x,3.5%
2026-08-10,VQ-Guava cleanser-Moisturizer-Serum-Pineapple Moisturizer,ComboAndKit,Amazon,1196,40664,1089,2.68%,51,21369,17.87x,5.6%
2026-08-09,VQ-Guava cleanser-Moisturizer-Serum-Pineapple Moisturizer,ComboAndKit,Flipkart,864,32832,1300,3.96%,190,79610,92.14x,1.1%
2026-08-08,VQ-Guava cleanser-Moisturizer-Serum-Pineapple Moisturizer,ComboAndKit,Meesho,274,4110,144,3.50%,19,7961,29.05x,3.4%
2026-08-07,VQ-Guava cleanser-Moisturizer-Serum-Pineapple Moisturizer,ComboAndKit,Myntra,340,10880,544,5.00%,52,21788,64.08x,1.6%
2026-08-06,VQ-Guava cleanser-Moisturizer-Serum-Pineapple Moisturizer,ComboAndKit,Own Website,486,13122,643,4.90%,54,22626,46.56x,2.1%
2026-08-05,VQ-Guava cleanser-Moisturizer-Serum-Pineapple Moisturizer,ComboAndKit,Amazon,769,29222,1137,3.89%,85,35615,46.31x,2.2%
2026-08-04,VQ-Guava cleanser-Moisturizer-Serum-Pineapple Moisturizer,ComboAndKit,Flipkart,714,19278,697,3.62%,71,29749,41.67x,2.4%
2026-08-03,VQ-Guava cleanser-Moisturizer-Serum-Pineapple Moisturizer,ComboAndKit,Meesho,533,9061,377,4.16%,23,9637,18.08x,5.5%
2026-08-02,VQ-Guava cleanser-Moisturizer-Serum-Pineapple Moisturizer,ComboAndKit,Myntra,206,7828,301,3.85%,33,13827,67.12x,1.5%
2026-08-01,VQ-Guava cleanser-Moisturizer-Serum-Pineapple Moisturizer,ComboAndKit,Own Website,857,18854,834,4.42%,73,30587,35.69x,2.8%
2026-07-31,VQ-Guava cleanser-Moisturizer-Serum-Pineapple Moisturizer,ComboAndKit,Amazon,1215,29160,1024,3.51%,63,26397,21.73x,4.6%
2026-07-30,VQ-Guava cleanser-Moisturizer-Serum-Pineapple Moisturizer,ComboAndKit,Flipkart,1178,45942,1542,3.36%,121,50699,43.04x,2.3%
2026-07-29,VQ-Guava cleanser-Moisturizer-Serum-Pineapple Moisturizer,ComboAndKit,Meesho,244,8784,213,2.42%,16,6704,27.48x,3.6%
2026-07-28,VQ-Guava cleanser-Moisturizer-Serum-Pineapple Moisturizer,ComboAndKit,Myntra,1291,25820,543,2.10%,28,11732,9.09x,11.0%
2026-08-11,RM-Shmapoo-Con-Oil-Serum,ComboAndKit,Amazon,325,6500,344,5.29%,31,12989,39.97x,2.5%
2026-08-10,RM-Shmapoo-Con-Oil-Serum,ComboAndKit,Flipkart,691,26258,758,2.89%,28,11732,16.98x,5.9%
2026-08-09,RM-Shmapoo-Con-Oil-Serum,ComboAndKit,Meesho,1157,20826,438,2.10%,56,23464,20.28x,4.9%
2026-08-08,RM-Shmapoo-Con-Oil-Serum,ComboAndKit,Myntra,944,14160,345,2.44%,34,14246,15.09x,6.6%
2026-08-07,RM-Shmapoo-Con-Oil-Serum,ComboAndKit,Own Website,636,24804,1161,4.68%,144,60336,94.87x,1.1%
2026-08-06,RM-Shmapoo-Con-Oil-Serum,ComboAndKit,Amazon,206,4120,154,3.74%,9,3771,18.31x,5.5%
2026-08-05,RM-Shmapoo-Con-Oil-Serum,ComboAndKit,Flipkart,1174,34046,1127,3.31%,82,34358,29.27x,3.4%
2026-08-04,RM-Shmapoo-Con-Oil-Serum,ComboAndKit,Meesho,1106,19908,916,4.60%,108,45252,40.92x,2.4%
2026-08-03,RM-Shmapoo-Con-Oil-Serum,ComboAndKit,Myntra,768,25344,850,3.35%,117,49023,63.83x,1.6%
2026-08-02,RM-Shmapoo-Con-Oil-Serum,ComboAndKit,Own Website,1160,34800,552,1.59%,76,31844,27.45x,3.6%
2026-08-01,RM-Shmapoo-Con-Oil-Serum,ComboAndKit,Amazon,1236,32136,918,2.86%,125,52375,42.37x,2.4%
2026-07-31,RM-Shmapoo-Con-Oil-Serum,ComboAndKit,Flipkart,662,17212,771,4.48%,92,38548,58.23x,1.7%
2026-07-30,RM-Shmapoo-Con-Oil-Serum,ComboAndKit,Meesho,1239,40887,1059,2.59%,59,24721,19.95x,5.0%
2026-07-29,RM-Shmapoo-Con-Oil-Serum,ComboAndKit,Myntra,886,29238,1602,5.48%,133,55727,62.90x,1.6%
2026-07-28,RM-Shmapoo-Con-Oil-Serum,ComboAndKit,Own Website,472,7552,194,2.57%,9,3771,7.99x,12.5%
2026-08-11,SUNSCREEN 50ML + SALISYLIC FACE WASH,ComboAndKit,Flipkart,912,15504,419,2.70%,58,24302,26.65x,3.8%
2026-08-10,SUNSCREEN 50ML + SALISYLIC FACE WASH,ComboAndKit,Meesho,357,9639,168,1.74%,13,5447,15.26x,6.6%
2026-08-09,SUNSCREEN 50ML + SALISYLIC FACE WASH,ComboAndKit,Myntra,738,17712,479,2.70%,72,30168,40.88x,2.4%
2026-08-08,SUNSCREEN 50ML + SALISYLIC FACE WASH,ComboAndKit,Own Website,281,8992,209,2.32%,29,12151,43.24x,2.3%
2026-08-07,SUNSCREEN 50ML + SALISYLIC FACE WASH,ComboAndKit,Amazon,780,19500,742,3.81%,28,11732,15.04x,6.6%
2026-08-06,SUNSCREEN 50ML + SALISYLIC FACE WASH,ComboAndKit,Flipkart,420,10080,529,5.25%,32,13408,31.92x,3.1%
2026-08-05,SUNSCREEN 50ML + SALISYLIC FACE WASH,ComboAndKit,Meesho,642,23754,539,2.27%,48,20112,31.33x,3.2%
2026-08-04,SUNSCREEN 50ML + SALISYLIC FACE WASH,ComboAndKit,Myntra,1214,46132,1605,3.48%,67,28073,23.12x,4.3%
2026-08-03,SUNSCREEN 50ML + SALISYLIC FACE WASH,ComboAndKit,Own Website,310,11470,444,3.87%,25,10475,33.79x,3.0%
2026-08-02,SUNSCREEN 50ML + SALISYLIC FACE WASH,ComboAndKit,Amazon,530,12190,443,3.63%,42,17598,33.20x,3.0%
2026-08-01,SUNSCREEN 50ML + SALISYLIC FACE WASH,ComboAndKit,Flipkart,1212,32724,1346,4.11%,157,65783,54.28x,1.8%
2026-07-31,SUNSCREEN 50ML + SALISYLIC FACE WASH,ComboAndKit,Meesho,408,15912,595,3.74%,72,30168,73.94x,1.4%
2026-07-30,SUNSCREEN 50ML + SALISYLIC FACE WASH,ComboAndKit,Myntra,462,14784,359,2.43%,31,12989,28.11x,3.6%
2026-07-29,SUNSCREEN 50ML + SALISYLIC FACE WASH,ComboAndKit,Own Website,580,13340,456,3.42%,59,24721,42.62x,2.3%
2026-07-28,SUNSCREEN 50ML + SALISYLIC FACE WASH,ComboAndKit,Amazon,1060,22260,488,2.19%,68,28492,26.88x,3.7%
2026-08-11,DA-SALI-FW-02,Facewash,Meesho,1333,25327,1063,4.20%,158,66202,49.66x,2.0%
2026-08-10,DA-SALI-FW-02,Facewash,Myntra,684,13680,744,5.44%,53,22207,32.47x,3.1%
2026-08-09,DA-SALI-FW-02,Facewash,Own Website,989,25714,1082,4.21%,145,60755,61.43x,1.6%
2026-08-08,DA-SALI-FW-02,Facewash,Amazon,872,20928,891,4.26%,110,46090,52.86x,1.9%
2026-08-07,DA-SALI-FW-02,Facewash,Flipkart,855,29925,1253,4.19%,156,65364,76.45x,1.3%
2026-08-06,DA-SALI-FW-02,Facewash,Meesho,1062,36108,1896,5.25%,78,32682,30.77x,3.2%
2026-08-05,DA-SALI-FW-02,Facewash,Myntra,628,20724,1022,4.93%,74,31006,49.37x,2.0%
2026-08-04,DA-SALI-FW-02,Facewash,Own Website,570,10830,166,1.53%,15,6285,11.03x,9.1%
2026-08-03,DA-SALI-FW-02,Facewash,Amazon,311,6531,297,4.55%,23,9637,30.99x,3.2%
2026-08-02,DA-SALI-FW-02,Facewash,Flipkart,1338,48168,2513,5.22%,335,140365,104.91x,1.0%
2026-08-01,DA-SALI-FW-02,Facewash,Meesho,512,14336,467,3.26%,22,9218,18.00x,5.6%
2026-07-31,DA-SALI-FW-02,Facewash,Myntra,554,14958,443,2.96%,35,14665,26.47x,3.8%
2026-07-30,DA-SALI-FW-02,Facewash,Own Website,749,12733,455,3.57%,30,12570,16.78x,6.0%
2026-07-29,DA-SALI-FW-02,Facewash,Amazon,1298,37642,1286,3.42%,145,60755,46.81x,2.1%
2026-07-28,DA-SALI-FW-02,Facewash,Flipkart,919,22975,1011,4.40%,69,28911,31.46x,3.2%
2026-08-11,V4,ComboAndKit,Myntra,566,17546,781,4.45%,57,23883,42.20x,2.4%
2026-08-10,V4,ComboAndKit,Own Website,877,28941,1161,4.01%,48,20112,22.93x,4.4%
2026-08-09,V4,ComboAndKit,Amazon,358,13604,479,3.52%,29,12151,33.94x,2.9%
2026-08-08,V4,ComboAndKit,Flipkart,306,10710,486,4.54%,65,27235,89.00x,1.1%
2026-08-07,V4,ComboAndKit,Meesho,1286,46296,1438,3.11%,99,41481,32.26x,3.1%
2026-08-06,V4,ComboAndKit,Myntra,255,9180,189,2.06%,14,5866,23.00x,4.3%
2026-08-05,V4,ComboAndKit,Own Website,221,8177,279,3.41%,34,14246,64.46x,1.6%
2026-08-04,V4,ComboAndKit,Amazon,523,15690,655,4.17%,57,23883,45.67x,2.2%
2026-08-03,V4,ComboAndKit,Flipkart,595,20825,844,4.05%,92,38548,64.79x,1.5%
2026-08-02,V4,ComboAndKit,Meesho,308,6160,146,2.37%,14,5866,19.05x,5.3%
2026-08-01,V4,ComboAndKit,Myntra,252,7812,207,2.65%,19,7961,31.59x,3.2%
2026-07-31,V4,ComboAndKit,Own Website,1291,25820,896,3.47%,102,42738,33.10x,3.0%
2026-07-30,V4,ComboAndKit,Amazon,603,21708,744,3.43%,53,22207,36.83x,2.7%
2026-07-29,V4,ComboAndKit,Flipkart,1282,48716,2279,4.68%,185,77515,60.46x,1.7%
2026-07-28,V4,ComboAndKit,Meesho,1308,39240,1114,2.84%,164,68716,52.54x,1.9%
2026-08-11,FOOT RO + BARRIER REPAIR MOISTURIZER,ComboAndKit,Own Website,191,3247,85,2.62%,11,4609,24.13x,4.1%
2026-08-10,FOOT RO + BARRIER REPAIR MOISTURIZER,ComboAndKit,Amazon,435,6960,239,3.43%,17,7123,16.37x,6.1%
2026-08-09,FOOT RO + BARRIER REPAIR MOISTURIZER,ComboAndKit,Flipkart,358,12172,411,3.38%,38,15922,44.47x,2.2%
2026-08-08,FOOT RO + BARRIER REPAIR MOISTURIZER,ComboAndKit,Meesho,1103,24266,794,3.27%,117,49023,44.45x,2.2%
2026-08-07,FOOT RO + BARRIER REPAIR MOISTURIZER,ComboAndKit,Myntra,233,7456,391,5.24%,23,9637,41.36x,2.4%
2026-08-06,FOOT RO + BARRIER REPAIR MOISTURIZER,ComboAndKit,Own Website,933,17727,816,4.60%,93,38967,41.77x,2.4%
2026-08-05,FOOT RO + BARRIER REPAIR MOISTURIZER,ComboAndKit,Amazon,703,27417,1238,4.52%,152,63688,90.59x,1.1%
2026-08-04,FOOT RO + BARRIER REPAIR MOISTURIZER,ComboAndKit,Flipkart,274,8494,213,2.51%,11,4609,16.82x,5.9%
2026-08-03,FOOT RO + BARRIER REPAIR MOISTURIZER,ComboAndKit,Meesho,944,28320,450,1.59%,18,7542,7.99x,12.5%
2026-08-02,FOOT RO + BARRIER REPAIR MOISTURIZER,ComboAndKit,Myntra,346,9342,360,3.85%,21,8799,25.43x,3.9%
2026-08-01,FOOT RO + BARRIER REPAIR MOISTURIZER,ComboAndKit,Own Website,971,14565,743,5.10%,82,34358,35.38x,2.8%
2026-07-31,FOOT RO + BARRIER REPAIR MOISTURIZER,ComboAndKit,Amazon,423,16074,242,1.51%,9,3771,8.91x,11.2%
2026-07-30,FOOT RO + BARRIER REPAIR MOISTURIZER,ComboAndKit,Flipkart,1155,31185,1648,5.28%,227,95113,82.35x,1.2%
2026-07-29,FOOT RO + BARRIER REPAIR MOISTURIZER,ComboAndKit,Meesho,463,10186,434,4.26%,20,8380,18.10x,5.5%
2026-07-28,FOOT RO + BARRIER REPAIR MOISTURIZER,ComboAndKit,Myntra,1162,32536,511,1.57%,54,22626,19.47x,5.1%
2026-08-11,Rosemary Conditioner + Praya Hair Oil + Praya Hair Serum,ComboAndKit,Amazon,210,4830,126,2.61%,10,4190,19.95x,5.0%
2026-08-10,Rosemary Conditioner + Praya Hair Oil + Praya Hair Serum,ComboAndKit,Flipkart,1010,35350,757,2.14%,49,20531,20.33x,4.9%
2026-08-09,Rosemary Conditioner + Praya Hair Oil + Praya Hair Serum,ComboAndKit,Meesho,592,21904,768,3.51%,113,47347,79.98x,1.3%
2026-08-08,Rosemary Conditioner + Praya Hair Oil + Praya Hair Serum,ComboAndKit,Myntra,280,10360,514,4.96%,46,19274,68.84x,1.5%
2026-08-07,Rosemary Conditioner + Praya Hair Oil + Praya Hair Serum,ComboAndKit,Own Website,266,3990,66,1.65%,3,1257,4.73x,21.2%
2026-08-06,Rosemary Conditioner + Praya Hair Oil + Praya Hair Serum,ComboAndKit,Amazon,1118,21242,449,2.11%,49,20531,18.36x,5.4%
2026-08-05,Rosemary Conditioner + Praya Hair Oil + Praya Hair Serum,ComboAndKit,Flipkart,668,24048,1001,4.16%,140,58660,87.81x,1.1%
2026-08-04,Rosemary Conditioner + Praya Hair Oil + Praya Hair Serum,ComboAndKit,Meesho,848,26288,473,1.80%,37,15503,18.28x,5.5%
2026-08-03,Rosemary Conditioner + Praya Hair Oil + Praya Hair Serum,ComboAndKit,Myntra,189,4725,160,3.39%,20,8380,44.34x,2.3%
2026-08-02,Rosemary Conditioner + Praya Hair Oil + Praya Hair Serum,ComboAndKit,Own Website,502,19076,1030,5.40%,65,27235,54.25x,1.8%
2026-08-01,Rosemary Conditioner + Praya Hair Oil + Praya Hair Serum,ComboAndKit,Amazon,206,3914,211,5.39%,22,9218,44.75x,2.2%
2026-07-31,Rosemary Conditioner + Praya Hair Oil + Praya Hair Serum,ComboAndKit,Flipkart,686,21266,742,3.49%,62,25978,37.87x,2.6%
2026-07-30,Rosemary Conditioner + Praya Hair Oil + Praya Hair Serum,ComboAndKit,Meesho,542,11924,358,3.00%,53,22207,40.97x,2.4%
2026-07-29,Rosemary Conditioner + Praya Hair Oil + Praya Hair Serum,ComboAndKit,Myntra,1187,21366,457,2.14%,67,28073,23.65x,4.2%
2026-07-28,Rosemary Conditioner + Praya Hair Oil + Praya Hair Serum,ComboAndKit,Own Website,1127,30429,569,1.87%,26,10894,9.67x,10.3%
2026-08-11,FBL-NSH-RCON-GT-PT,ComboAndKit,Flipkart,175,5600,154,2.75%,15,6285,35.91x,2.8%
2026-08-10,FBL-NSH-RCON-GT-PT,ComboAndKit,Meesho,502,19578,499,2.55%,25,10475,20.87x,4.8%
2026-08-09,FBL-NSH-RCON-GT-PT,ComboAndKit,Myntra,350,5250,236,4.50%,22,9218,26.34x,3.8%
2026-08-08,FBL-NSH-RCON-GT-PT,ComboAndKit,Own Website,1316,22372,1209,5.40%,181,75839,57.63x,1.7%
2026-08-07,FBL-NSH-RCON-GT-PT,ComboAndKit,Amazon,518,17612,272,1.54%,11,4609,8.90x,11.2%
2026-08-06,FBL-NSH-RCON-GT-PT,ComboAndKit,Flipkart,722,14440,350,2.42%,51,21369,29.60x,3.4%
2026-08-05,FBL-NSH-RCON-GT-PT,ComboAndKit,Meesho,503,7545,267,3.54%,33,13827,27.49x,3.6%
2026-08-04,FBL-NSH-RCON-GT-PT,ComboAndKit,Myntra,992,19840,425,2.14%,25,10475,10.56x,9.5%
2026-08-03,FBL-NSH-RCON-GT-PT,ComboAndKit,Own Website,368,7728,188,2.43%,22,9218,25.05x,4.0%
2026-08-02,FBL-NSH-RCON-GT-PT,ComboAndKit,Amazon,1023,32736,1015,3.10%,60,25140,24.57x,4.1%
2026-08-01,FBL-NSH-RCON-GT-PT,ComboAndKit,Flipkart,373,6341,144,2.27%,9,3771,10.11x,9.9%
2026-07-31,FBL-NSH-RCON-GT-PT,ComboAndKit,Meesho,891,27621,427,1.55%,38,15922,17.87x,5.6%
2026-07-30,FBL-NSH-RCON-GT-PT,ComboAndKit,Myntra,365,12775,604,4.73%,30,12570,34.44x,2.9%
2026-07-29,FBL-NSH-RCON-GT-PT,ComboAndKit,Own Website,275,9075,327,3.60%,35,14665,53.33x,1.9%
2026-07-28,FBL-NSH-RCON-GT-PT,ComboAndKit,Amazon,1259,22662,962,4.24%,81,33939,26.96x,3.7%
2026-08-11,VQ-Guava-Serum-Jamun-Moisturizer-Pineapple-Serum,ComboAndKit,Meesho,580,20880,604,2.89%,90,37710,65.02x,1.5%
2026-08-10,VQ-Guava-Serum-Jamun-Moisturizer-Pineapple-Serum,ComboAndKit,Myntra,1071,22491,615,2.73%,53,22207,20.73x,4.8%
2026-08-09,VQ-Guava-Serum-Jamun-Moisturizer-Pineapple-Serum,ComboAndKit,Own Website,601,18030,665,3.69%,70,29330,48.80x,2.0%
2026-08-08,VQ-Guava-Serum-Jamun-Moisturizer-Pineapple-Serum,ComboAndKit,Amazon,664,24568,742,3.02%,52,21788,32.81x,3.0%
2026-08-07,VQ-Guava-Serum-Jamun-Moisturizer-Pineapple-Serum,ComboAndKit,Flipkart,1229,23351,997,4.27%,78,32682,26.59x,3.8%
2026-08-06,VQ-Guava-Serum-Jamun-Moisturizer-Pineapple-Serum,ComboAndKit,Meesho,585,13455,424,3.15%,36,15084,25.78x,3.9%
2026-08-05,VQ-Guava-Serum-Jamun-Moisturizer-Pineapple-Serum,ComboAndKit,Myntra,794,25408,1315,5.18%,52,21788,27.44x,3.6%
2026-08-04,VQ-Guava-Serum-Jamun-Moisturizer-Pineapple-Serum,ComboAndKit,Own Website,734,18350,756,4.12%,108,45252,61.65x,1.6%
2026-08-03,VQ-Guava-Serum-Jamun-Moisturizer-Pineapple-Serum,ComboAndKit,Amazon,1062,18054,785,4.35%,83,34777,32.75x,3.1%
2026-08-02,VQ-Guava-Serum-Jamun-Moisturizer-Pineapple-Serum,ComboAndKit,Flipkart,177,5487,129,2.35%,10,4190,23.67x,4.2%
2026-08-01,VQ-Guava-Serum-Jamun-Moisturizer-Pineapple-Serum,ComboAndKit,Meesho,1008,28224,880,3.12%,123,51537,51.13x,2.0%
2026-07-31,VQ-Guava-Serum-Jamun-Moisturizer-Pineapple-Serum,ComboAndKit,Myntra,1250,20000,856,4.28%,111,46509,37.21x,2.7%
2026-07-30,VQ-Guava-Serum-Jamun-Moisturizer-Pineapple-Serum,ComboAndKit,Own Website,581,11039,240,2.17%,20,8380,14.42x,6.9%
2026-07-29,VQ-Guava-Serum-Jamun-Moisturizer-Pineapple-Serum,ComboAndKit,Amazon,301,4515,234,5.18%,25,10475,34.80x,2.9%
2026-07-28,VQ-Guava-Serum-Jamun-Moisturizer-Pineapple-Serum,ComboAndKit,Flipkart,505,13130,694,5.29%,27,11313,22.40x,4.5%
2026-08-11,DA-FOOT-ROLL-ON-002,PedicureKit,Myntra,1324,41044,1748,4.26%,137,57403,43.36x,2.3%
2026-08-10,DA-FOOT-ROLL-ON-002,PedicureKit,Own Website,188,5640,270,4.79%,40,16760,89.15x,1.1%
2026-08-09,DA-FOOT-ROLL-ON-002,PedicureKit,Amazon,936,34632,1060,3.06%,118,49442,52.82x,1.9%
2026-08-08,DA-FOOT-ROLL-ON-002,PedicureKit,Flipkart,1207,26554,1298,4.89%,82,34358,28.47x,3.5%
2026-08-07,DA-FOOT-ROLL-ON-002,PedicureKit,Meesho,1072,26800,1242,4.63%,173,72487,67.62x,1.5%
2026-08-06,DA-FOOT-ROLL-ON-002,PedicureKit,Myntra,955,29605,1015,3.43%,142,59498,62.30x,1.6%
2026-08-05,DA-FOOT-ROLL-ON-002,PedicureKit,Own Website,699,15378,311,2.02%,37,15503,22.18x,4.5%
2026-08-04,DA-FOOT-ROLL-ON-002,PedicureKit,Amazon,990,16830,400,2.38%,51,21369,21.58x,4.6%
2026-08-03,DA-FOOT-ROLL-ON-002,PedicureKit,Flipkart,974,31168,523,1.68%,46,19274,19.79x,5.1%
2026-08-02,DA-FOOT-ROLL-ON-002,PedicureKit,Meesho,309,5253,203,3.86%,7,2933,9.49x,10.5%
2026-08-01,DA-FOOT-ROLL-ON-002,PedicureKit,Myntra,1073,34336,1008,2.94%,107,44833,41.78x,2.4%
2026-07-31,DA-FOOT-ROLL-ON-002,PedicureKit,Own Website,635,11430,512,4.48%,41,17179,27.05x,3.7%
2026-07-30,DA-FOOT-ROLL-ON-002,PedicureKit,Amazon,776,28712,876,3.05%,77,32263,41.58x,2.4%
2026-07-29,DA-FOOT-ROLL-ON-002,PedicureKit,Flipkart,725,14500,774,5.34%,98,41062,56.64x,1.8%
2026-07-28,DA-FOOT-ROLL-ON-002,PedicureKit,Meesho,867,19941,322,1.61%,12,5028,5.80x,17.2%
2026-08-11,NSH-RSH-NAFW-GFS-SFS,ComboAndKit,Own Website,246,4428,205,4.63%,22,9218,37.47x,2.7%
2026-08-10,NSH-RSH-NAFW-GFS-SFS,ComboAndKit,Amazon,521,14067,541,3.85%,65,27235,52.27x,1.9%
2026-08-09,NSH-RSH-NAFW-GFS-SFS,ComboAndKit,Flipkart,645,18060,624,3.46%,62,25978,40.28x,2.5%
2026-08-08,NSH-RSH-NAFW-GFS-SFS,ComboAndKit,Meesho,778,23340,1168,5.00%,109,45671,58.70x,1.7%
2026-08-07,NSH-RSH-NAFW-GFS-SFS,ComboAndKit,Myntra,1245,22410,737,3.29%,35,14665,11.78x,8.5%
2026-08-06,NSH-RSH-NAFW-GFS-SFS,ComboAndKit,Own Website,625,15000,496,3.31%,26,10894,17.43x,5.7%
2026-08-05,NSH-RSH-NAFW-GFS-SFS,ComboAndKit,Amazon,409,13088,331,2.53%,12,5028,12.29x,8.1%
2026-08-04,NSH-RSH-NAFW-GFS-SFS,ComboAndKit,Flipkart,574,18368,381,2.07%,37,15503,27.01x,3.7%
2026-08-03,NSH-RSH-NAFW-GFS-SFS,ComboAndKit,Meesho,584,11096,353,3.18%,34,14246,24.39x,4.1%
2026-08-02,NSH-RSH-NAFW-GFS-SFS,ComboAndKit,Myntra,1044,25056,1289,5.14%,81,33939,32.51x,3.1%
2026-08-01,NSH-RSH-NAFW-GFS-SFS,ComboAndKit,Own Website,1188,28512,957,3.36%,85,35615,29.98x,3.3%
2026-07-31,NSH-RSH-NAFW-GFS-SFS,ComboAndKit,Amazon,672,17472,810,4.64%,76,31844,47.39x,2.1%
2026-07-30,NSH-RSH-NAFW-GFS-SFS,ComboAndKit,Flipkart,1093,19674,481,2.44%,33,13827,12.65x,7.9%
2026-07-29,NSH-RSH-NAFW-GFS-SFS,ComboAndKit,Meesho,1251,43785,2372,5.42%,146,61174,48.90x,2.0%
2026-07-28,NSH-RSH-NAFW-GFS-SFS,ComboAndKit,Myntra,448,17024,392,2.30%,33,13827,30.86x,3.2%
2026-08-11,10 AHA BHA BODY SCRUB + DE TAN FACE PACK,ComboAndKit,Amazon,441,11907,336,2.82%,16,6704,15.20x,6.6%
2026-08-10,10 AHA BHA BODY SCRUB + DE TAN FACE PACK,ComboAndKit,Flipkart,807,23403,802,3.43%,65,27235,33.75x,3.0%
2026-08-09,10 AHA BHA BODY SCRUB + DE TAN FACE PACK,ComboAndKit,Meesho,627,17556,685,3.90%,41,17179,27.40x,3.6%
2026-08-08,10 AHA BHA BODY SCRUB + DE TAN FACE PACK,ComboAndKit,Myntra,897,22425,412,1.84%,25,10475,11.68x,8.6%
2026-08-07,10 AHA BHA BODY SCRUB + DE TAN FACE PACK,ComboAndKit,Own Website,1130,41810,2293,5.48%,167,69973,61.92x,1.6%
2026-08-06,10 AHA BHA BODY SCRUB + DE TAN FACE PACK,ComboAndKit,Amazon,840,21840,375,1.72%,51,21369,25.44x,3.9%
2026-08-05,10 AHA BHA BODY SCRUB + DE TAN FACE PACK,ComboAndKit,Flipkart,258,9804,437,4.46%,25,10475,40.60x,2.5%
2026-08-04,10 AHA BHA BODY SCRUB + DE TAN FACE PACK,ComboAndKit,Meesho,1098,24156,595,2.46%,76,31844,29.00x,3.4%
2026-08-03,10 AHA BHA BODY SCRUB + DE TAN FACE PACK,ComboAndKit,Myntra,188,5452,168,3.08%,18,7542,40.12x,2.5%
2026-08-02,10 AHA BHA BODY SCRUB + DE TAN FACE PACK,ComboAndKit,Own Website,568,19880,388,1.95%,15,6285,11.07x,9.0%
2026-08-01,10 AHA BHA BODY SCRUB + DE TAN FACE PACK,ComboAndKit,Amazon,290,4350,71,1.63%,6,2514,8.67x,11.5%
2026-07-31,10 AHA BHA BODY SCRUB + DE TAN FACE PACK,ComboAndKit,Flipkart,577,16156,721,4.46%,55,23045,39.94x,2.5%
2026-07-30,10 AHA BHA BODY SCRUB + DE TAN FACE PACK,ComboAndKit,Meesho,633,22788,497,2.18%,20,8380,13.24x,7.6%
2026-07-29,10 AHA BHA BODY SCRUB + DE TAN FACE PACK,ComboAndKit,Myntra,447,8940,336,3.76%,22,9218,20.62x,4.8%
2026-07-28,10 AHA BHA BODY SCRUB + DE TAN FACE PACK,ComboAndKit,Own Website,1036,40404,1410,3.49%,80,33520,32.36x,3.1%
2026-08-11,VQ-Jamun-Toner-Serum-Moisturizer-Cleanser-001,ComboAndKit,Flipkart,316,11376,325,2.86%,22,9218,29.17x,3.4%
2026-08-10,VQ-Jamun-Toner-Serum-Moisturizer-Cleanser-001,ComboAndKit,Meesho,914,16452,328,1.99%,36,15084,16.50x,6.1%
2026-08-09,VQ-Jamun-Toner-Serum-Moisturizer-Cleanser-001,ComboAndKit,Myntra,1040,15600,399,2.56%,15,6285,6.04x,16.5%
2026-08-08,VQ-Jamun-Toner-Serum-Moisturizer-Cleanser-001,ComboAndKit,Own Website,1220,45140,2253,4.99%,270,113130,92.73x,1.1%
2026-08-07,VQ-Jamun-Toner-Serum-Moisturizer-Cleanser-001,ComboAndKit,Amazon,444,12432,192,1.54%,20,8380,18.87x,5.3%
2026-08-06,VQ-Jamun-Toner-Serum-Moisturizer-Cleanser-001,ComboAndKit,Flipkart,704,15488,376,2.43%,36,15084,21.43x,4.7%
2026-08-05,VQ-Jamun-Toner-Serum-Moisturizer-Cleanser-001,ComboAndKit,Meesho,1049,26225,755,2.88%,77,32263,30.76x,3.3%
2026-08-04,VQ-Jamun-Toner-Serum-Moisturizer-Cleanser-001,ComboAndKit,Myntra,328,10168,327,3.22%,31,12989,39.60x,2.5%
2026-08-03,VQ-Jamun-Toner-Serum-Moisturizer-Cleanser-001,ComboAndKit,Own Website,843,23604,1080,4.58%,161,67459,80.02x,1.2%
2026-08-02,VQ-Jamun-Toner-Serum-Moisturizer-Cleanser-001,ComboAndKit,Amazon,539,11858,635,5.36%,53,22207,41.20x,2.4%
2026-08-01,VQ-Jamun-Toner-Serum-Moisturizer-Cleanser-001,ComboAndKit,Flipkart,234,5616,101,1.80%,8,3352,14.32x,7.0%
2026-07-31,VQ-Jamun-Toner-Serum-Moisturizer-Cleanser-001,ComboAndKit,Meesho,736,19872,314,1.58%,14,5866,7.97x,12.5%
2026-07-30,VQ-Jamun-Toner-Serum-Moisturizer-Cleanser-001,ComboAndKit,Myntra,1137,30699,701,2.28%,28,11732,10.32x,9.7%
2026-07-29,VQ-Jamun-Toner-Serum-Moisturizer-Cleanser-001,ComboAndKit,Own Website,253,8349,265,3.17%,24,10056,39.75x,2.5%
2026-07-28,VQ-Jamun-Toner-Serum-Moisturizer-Cleanser-001,ComboAndKit,Amazon,1173,43401,968,2.23%,99,41481,35.36x,2.8%
2026-08-11,RM-Water-Serum,ComboAndKit,Meesho,432,12960,213,1.64%,15,6285,14.55x,6.9%
2026-08-10,RM-Water-Serum,ComboAndKit,Myntra,1319,31656,695,2.20%,63,26397,20.01x,5.0%
2026-08-09,RM-Water-Serum,ComboAndKit,Own Website,243,8505,172,2.02%,17,7123,29.31x,3.4%
2026-08-08,RM-Water-Serum,ComboAndKit,Amazon,377,13572,262,1.93%,36,15084,40.01x,2.5%
2026-08-07,RM-Water-Serum,ComboAndKit,Flipkart,1100,30800,1475,4.79%,144,60336,54.85x,1.8%
2026-08-06,RM-Water-Serum,ComboAndKit,Meesho,638,21054,359,1.71%,20,8380,13.13x,7.6%
2026-08-05,RM-Water-Serum,ComboAndKit,Myntra,504,17640,332,1.88%,45,18855,37.41x,2.7%
2026-08-04,RM-Water-Serum,ComboAndKit,Own Website,317,6657,197,2.96%,14,5866,18.50x,5.4%
2026-08-03,RM-Water-Serum,ComboAndKit,Amazon,652,23472,1279,5.45%,106,44414,68.12x,1.5%
2026-08-02,RM-Water-Serum,ComboAndKit,Flipkart,484,11616,371,3.19%,13,5447,11.25x,8.9%
2026-08-01,RM-Water-Serum,ComboAndKit,Meesho,1225,25725,1316,5.12%,177,74163,60.54x,1.7%
2026-07-31,RM-Water-Serum,ComboAndKit,Myntra,1285,50115,1130,2.25%,85,35615,27.72x,3.6%
2026-07-30,RM-Water-Serum,ComboAndKit,Own Website,810,15390,436,2.83%,24,10056,12.41x,8.1%
2026-07-29,RM-Water-Serum,ComboAndKit,Amazon,766,24512,434,1.77%,32,13408,17.50x,5.7%
2026-07-28,RM-Water-Serum,ComboAndKit,Flipkart,1018,32576,725,2.23%,31,12989,12.76x,7.8%
2026-08-11,VQ-Rosemary-Water-002,HairTreatment,Myntra,642,16692,381,2.28%,16,6704,10.44x,9.6%
2026-08-10,VQ-Rosemary-Water-002,HairTreatment,Own Website,249,7719,174,2.25%,19,7961,31.97x,3.1%
2026-08-09,VQ-Rosemary-Water-002,HairTreatment,Amazon,1166,37312,694,1.86%,39,16341,14.01x,7.1%
2026-08-08,VQ-Rosemary-Water-002,HairTreatment,Flipkart,421,15998,327,2.04%,36,15084,35.83x,2.8%
2026-08-07,VQ-Rosemary-Water-002,HairTreatment,Meesho,488,8296,428,5.16%,18,7542,15.45x,6.5%
2026-08-06,VQ-Rosemary-Water-002,HairTreatment,Myntra,1331,22627,688,3.04%,79,33101,24.87x,4.0%
2026-08-05,VQ-Rosemary-Water-002,HairTreatment,Own Website,545,14170,762,5.38%,37,15503,28.45x,3.5%
2026-08-04,VQ-Rosemary-Water-002,HairTreatment,Amazon,514,20046,816,4.07%,88,36872,71.74x,1.4%
2026-08-03,VQ-Rosemary-Water-002,HairTreatment,Flipkart,1118,29068,471,1.62%,65,27235,24.36x,4.1%
2026-08-02,VQ-Rosemary-Water-002,HairTreatment,Meesho,278,6116,292,4.77%,11,4609,16.58x,6.0%
2026-08-01,VQ-Rosemary-Water-002,HairTreatment,Myntra,184,2760,99,3.59%,11,4609,25.05x,4.0%
2026-07-31,VQ-Rosemary-Water-002,HairTreatment,Own Website,973,28217,1258,4.46%,188,78772,80.96x,1.2%
2026-07-30,VQ-Rosemary-Water-002,HairTreatment,Amazon,462,6930,221,3.19%,26,10894,23.58x,4.2%
2026-07-29,VQ-Rosemary-Water-002,HairTreatment,Flipkart,795,17490,831,4.75%,36,15084,18.97x,5.3%
2026-07-28,VQ-Rosemary-Water-002,HairTreatment,Meesho,196,4704,126,2.68%,17,7123,36.34x,2.8%
2026-08-11,Foot roll on,PedicureKit,Own Website,246,8364,409,4.89%,20,8380,34.07x,2.9%
2026-08-10,Foot roll on,PedicureKit,Amazon,583,9911,215,2.17%,31,12989,22.28x,4.5%
2026-08-09,Foot roll on,PedicureKit,Flipkart,839,21814,993,4.55%,120,50280,59.93x,1.7%
2026-08-08,Foot roll on,PedicureKit,Meesho,1126,25898,1390,5.37%,162,67878,60.28x,1.7%
2026-08-07,Foot roll on,PedicureKit,Myntra,310,10850,498,4.59%,48,20112,64.88x,1.5%
2026-08-06,Foot roll on,PedicureKit,Own Website,649,25311,556,2.20%,34,14246,21.95x,4.6%
2026-08-05,Foot roll on,PedicureKit,Amazon,940,25380,750,2.96%,67,28073,29.86x,3.3%
2026-08-04,Foot roll on,PedicureKit,Flipkart,736,17664,403,2.28%,18,7542,10.25x,9.8%
2026-08-03,Foot roll on,PedicureKit,Meesho,785,30615,529,1.73%,27,11313,14.41x,6.9%
2026-08-02,Foot roll on,PedicureKit,Myntra,724,19548,1024,5.24%,50,20950,28.94x,3.5%
2026-08-01,Foot roll on,PedicureKit,Own Website,1192,21456,629,2.93%,85,35615,29.88x,3.3%
2026-07-31,Foot roll on,PedicureKit,Amazon,1098,39528,1888,4.78%,88,36872,33.58x,3.0%
2026-07-30,Foot roll on,PedicureKit,Flipkart,990,29700,499,1.68%,52,21788,22.01x,4.5%
2026-07-29,Foot roll on,PedicureKit,Meesho,1208,33824,1751,5.18%,132,55308,45.78x,2.2%
2026-07-28,Foot roll on,PedicureKit,Myntra,698,16054,821,5.11%,108,45252,64.83x,1.5%
2026-08-11,CVBL3-NSH-GT-LBW-PNC,ComboAndKit,Amazon,351,8775,312,3.56%,34,14246,40.59x,2.5%
2026-08-10,CVBL3-NSH-GT-LBW-PNC,ComboAndKit,Flipkart,522,12006,626,5.21%,82,34358,65.82x,1.5%
2026-08-09,CVBL3-NSH-GT-LBW-PNC,ComboAndKit,Meesho,650,20150,922,4.58%,132,55308,85.09x,1.2%
2026-08-08,CVBL3-NSH-GT-LBW-PNC,ComboAndKit,Myntra,665,22610,680,3.01%,70,29330,44.11x,2.3%
2026-08-07,CVBL3-NSH-GT-LBW-PNC,ComboAndKit,Own Website,624,11856,513,4.33%,22,9218,14.77x,6.8%
2026-08-06,CVBL3-NSH-GT-LBW-PNC,ComboAndKit,Amazon,1119,23499,701,2.98%,82,34358,30.70x,3.3%
2026-08-05,CVBL3-NSH-GT-LBW-PNC,ComboAndKit,Flipkart,947,27463,1215,4.42%,127,53213,56.19x,1.8%
2026-08-04,CVBL3-NSH-GT-LBW-PNC,ComboAndKit,Meesho,631,11989,596,4.97%,39,16341,25.90x,3.9%
2026-08-03,CVBL3-NSH-GT-LBW-PNC,ComboAndKit,Myntra,301,6923,115,1.66%,8,3352,11.14x,9.0%
2026-08-02,CVBL3-NSH-GT-LBW-PNC,ComboAndKit,Own Website,948,33180,1287,3.88%,172,72068,76.02x,1.3%
2026-08-01,CVBL3-NSH-GT-LBW-PNC,ComboAndKit,Amazon,561,20196,979,4.85%,116,48604,86.64x,1.2%
2026-07-31,CVBL3-NSH-GT-LBW-PNC,ComboAndKit,Flipkart,471,16485,605,3.67%,74,31006,65.83x,1.5%
2026-07-30,CVBL3-NSH-GT-LBW-PNC,ComboAndKit,Meesho,390,15210,262,1.72%,33,13827,35.45x,2.8%
2026-07-29,CVBL3-NSH-GT-LBW-PNC,ComboAndKit,Myntra,483,12075,356,2.95%,51,21369,44.24x,2.3%
2026-07-28,CVBL3-NSH-GT-LBW-PNC,ComboAndKit,Own Website,606,16968,663,3.91%,68,28492,47.02x,2.1%
2026-08-11,DA-NIACINAMIDE-SERUM-002,FaceSerums,Flipkart,212,7844,206,2.63%,12,5028,23.72x,4.2%
2026-08-10,DA-NIACINAMIDE-SERUM-002,FaceSerums,Meesho,333,9657,243,2.52%,16,6704,20.13x,5.0%
2026-08-09,DA-NIACINAMIDE-SERUM-002,FaceSerums,Myntra,566,16980,316,1.86%,16,6704,11.84x,8.4%
2026-08-08,DA-NIACINAMIDE-SERUM-002,FaceSerums,Own Website,1280,26880,1396,5.19%,46,19274,15.06x,6.6%
2026-08-07,DA-NIACINAMIDE-SERUM-002,FaceSerums,Amazon,1198,31148,1206,3.87%,135,56565,47.22x,2.1%
2026-08-06,DA-NIACINAMIDE-SERUM-002,FaceSerums,Flipkart,1080,23760,840,3.54%,77,32263,29.87x,3.3%
2026-08-05,DA-NIACINAMIDE-SERUM-002,FaceSerums,Meesho,1210,21780,1071,4.92%,145,60755,50.21x,2.0%
2026-08-04,DA-NIACINAMIDE-SERUM-002,FaceSerums,Myntra,771,21588,1150,5.33%,117,49023,63.58x,1.6%
2026-08-03,DA-NIACINAMIDE-SERUM-002,FaceSerums,Own Website,772,29336,1222,4.17%,117,49023,63.50x,1.6%
2026-08-02,DA-NIACINAMIDE-SERUM-002,FaceSerums,Amazon,1092,24024,958,3.99%,118,49442,45.28x,2.2%
2026-08-01,DA-NIACINAMIDE-SERUM-002,FaceSerums,Flipkart,1050,28350,1227,4.33%,179,75001,71.43x,1.4%
2026-07-31,DA-NIACINAMIDE-SERUM-002,FaceSerums,Meesho,437,11362,614,5.40%,68,28492,65.20x,1.5%
2026-07-30,DA-NIACINAMIDE-SERUM-002,FaceSerums,Myntra,984,20664,910,4.40%,112,46928,47.69x,2.1%
2026-07-29,DA-NIACINAMIDE-SERUM-002,FaceSerums,Own Website,556,16680,917,5.50%,125,52375,94.20x,1.1%
2026-07-28,DA-NIACINAMIDE-SERUM-002,FaceSerums,Amazon,771,24672,566,2.29%,22,9218,11.96x,8.4%
2026-08-11,SH+CON+OIL,ComboAndKit,Meesho,190,3040,117,3.85%,8,3352,17.64x,5.7%
2026-08-10,SH+CON+OIL,ComboAndKit,Myntra,369,7380,309,4.19%,41,17179,46.56x,2.1%
2026-08-09,SH+CON+OIL,ComboAndKit,Own Website,842,19366,871,4.50%,92,38548,45.78x,2.2%
2026-08-08,SH+CON+OIL,ComboAndKit,Amazon,555,12210,527,4.32%,69,28911,52.09x,1.9%
2026-08-07,SH+CON+OIL,ComboAndKit,Flipkart,350,7700,232,3.01%,35,14665,41.90x,2.4%
2026-08-06,SH+CON+OIL,ComboAndKit,Meesho,891,31185,574,1.84%,57,23883,26.80x,3.7%
2026-08-05,SH+CON+OIL,ComboAndKit,Myntra,1016,33528,1183,3.53%,104,43576,42.89x,2.3%
2026-08-04,SH+CON+OIL,ComboAndKit,Own Website,1066,22386,1136,5.07%,77,32263,30.27x,3.3%
2026-08-03,SH+CON+OIL,ComboAndKit,Amazon,476,16184,575,3.55%,51,21369,44.89x,2.2%
2026-08-02,SH+CON+OIL,ComboAndKit,Flipkart,971,19420,652,3.36%,53,22207,22.87x,4.4%
2026-08-01,SH+CON+OIL,ComboAndKit,Meesho,772,18528,484,2.61%,46,19274,24.97x,4.0%
2026-07-31,SH+CON+OIL,ComboAndKit,Myntra,535,9095,189,2.08%,8,3352,6.27x,16.0%
2026-07-30,SH+CON+OIL,ComboAndKit,Own Website,421,13472,637,4.73%,66,27654,65.69x,1.5%
2026-07-29,SH+CON+OIL,ComboAndKit,Amazon,576,14400,624,4.33%,52,21788,37.83x,2.6%
2026-07-28,SH+CON+OIL,ComboAndKit,Flipkart,735,27930,935,3.35%,111,46509,63.28x,1.6%
2026-08-11,DA-SUNSCREEN-SPF-003,Sunscreen,Myntra,538,10222,538,5.26%,74,31006,57.63x,1.7%
2026-08-10,DA-SUNSCREEN-SPF-003,Sunscreen,Own Website,839,31882,1151,3.61%,150,62850,74.91x,1.3%
2026-08-09,DA-SUNSCREEN-SPF-003,Sunscreen,Amazon,1328,39840,1997,5.01%,65,27235,20.51x,4.9%
2026-08-08,DA-SUNSCREEN-SPF-003,Sunscreen,Flipkart,1215,41310,963,2.33%,97,40643,33.45x,3.0%
2026-08-07,DA-SUNSCREEN-SPF-003,Sunscreen,Meesho,563,13512,658,4.87%,21,8799,15.63x,6.4%
2026-08-06,DA-SUNSCREEN-SPF-003,Sunscreen,Myntra,771,14649,258,1.76%,35,14665,19.02x,5.3%
2026-08-05,DA-SUNSCREEN-SPF-003,Sunscreen,Own Website,485,10185,479,4.70%,38,15922,32.83x,3.0%
2026-08-04,DA-SUNSCREEN-SPF-003,Sunscreen,Amazon,451,17138,493,2.88%,64,26816,59.46x,1.7%
2026-08-03,DA-SUNSCREEN-SPF-003,Sunscreen,Flipkart,686,16464,348,2.11%,28,11732,17.10x,5.8%
2026-08-02,DA-SUNSCREEN-SPF-003,Sunscreen,Meesho,1179,43623,1808,4.14%,210,87990,74.63x,1.3%
2026-08-01,DA-SUNSCREEN-SPF-003,Sunscreen,Myntra,1266,22788,980,4.30%,44,18436,14.56x,6.9%
2026-07-31,DA-SUNSCREEN-SPF-003,Sunscreen,Own Website,957,33495,1747,5.22%,168,70392,73.55x,1.4%
2026-07-30,DA-SUNSCREEN-SPF-003,Sunscreen,Amazon,539,10780,262,2.43%,34,14246,26.43x,3.8%
2026-07-29,DA-SUNSCREEN-SPF-003,Sunscreen,Flipkart,959,17262,722,4.18%,28,11732,12.23x,8.2%
2026-07-28,DA-SUNSCREEN-SPF-003,Sunscreen,Meesho,1284,35952,1225,3.41%,61,25559,19.91x,5.0%
2026-08-11,HABL3-RHO-RHS,ComboAndKit,Own Website,776,19400,337,1.74%,12,5028,6.48x,15.4%
2026-08-10,HABL3-RHO-RHS,ComboAndKit,Amazon,810,24300,874,3.60%,72,30168,37.24x,2.7%
2026-08-09,HABL3-RHO-RHS,ComboAndKit,Flipkart,1297,47989,1702,3.55%,94,39386,30.37x,3.3%
2026-08-08,HABL3-RHO-RHS,ComboAndKit,Meesho,163,3912,62,1.58%,9,3771,23.13x,4.3%
2026-08-07,HABL3-RHO-RHS,ComboAndKit,Myntra,1184,36704,776,2.11%,81,33939,28.66x,3.5%
2026-08-06,HABL3-RHO-RHS,ComboAndKit,Own Website,257,6168,117,1.90%,16,6704,26.09x,3.8%
2026-08-05,HABL3-RHO-RHS,ComboAndKit,Amazon,154,6006,328,5.46%,12,5028,32.65x,3.1%
2026-08-04,HABL3-RHO-RHS,ComboAndKit,Flipkart,721,13699,219,1.60%,20,8380,11.62x,8.6%
2026-08-03,HABL3-RHO-RHS,ComboAndKit,Meesho,1005,39195,972,2.48%,59,24721,24.60x,4.1%
2026-08-02,HABL3-RHO-RHS,ComboAndKit,Myntra,1087,25001,406,1.62%,60,25140,23.13x,4.3%
2026-08-01,HABL3-RHO-RHS,ComboAndKit,Own Website,781,15620,736,4.71%,64,26816,34.34x,2.9%
2026-07-31,HABL3-RHO-RHS,ComboAndKit,Amazon,1199,31174,1034,3.32%,94,39386,32.85x,3.0%
2026-07-30,HABL3-RHO-RHS,ComboAndKit,Flipkart,380,14440,695,4.81%,24,10056,26.46x,3.8%
2026-07-29,HABL3-RHO-RHS,ComboAndKit,Meesho,185,5365,180,3.36%,24,10056,54.36x,1.8%
2026-07-28,HABL3-RHO-RHS,ComboAndKit,Myntra,1047,36645,1643,4.48%,237,99303,94.85x,1.1%
2026-08-11,DA-BODY-SCRUB-002,BodyScrub,Amazon,791,21357,357,1.67%,31,12989,16.42x,6.1%
2026-08-10,DA-BODY-SCRUB-002,BodyScrub,Flipkart,451,16687,900,5.39%,71,29749,65.96x,1.5%
2026-08-09,DA-BODY-SCRUB-002,BodyScrub,Meesho,621,19251,722,3.75%,65,27235,43.86x,2.3%
2026-08-08,DA-BODY-SCRUB-002,BodyScrub,Myntra,856,24824,1270,5.12%,116,48604,56.78x,1.8%
2026-08-07,DA-BODY-SCRUB-002,BodyScrub,Own Website,1147,43586,1700,3.90%,132,55308,48.22x,2.1%
2026-08-06,DA-BODY-SCRUB-002,BodyScrub,Amazon,844,21100,988,4.68%,127,53213,63.05x,1.6%
2026-08-05,DA-BODY-SCRUB-002,BodyScrub,Flipkart,737,12529,554,4.42%,50,20950,28.43x,3.5%
2026-08-04,DA-BODY-SCRUB-002,BodyScrub,Meesho,1168,22192,1039,4.68%,141,59079,50.58x,2.0%
2026-08-03,DA-BODY-SCRUB-002,BodyScrub,Myntra,933,15861,520,3.28%,68,28492,30.54x,3.3%
2026-08-02,DA-BODY-SCRUB-002,BodyScrub,Own Website,325,4875,145,2.97%,16,6704,20.63x,4.8%
2026-08-01,DA-BODY-SCRUB-002,BodyScrub,Amazon,387,6579,308,4.68%,31,12989,33.56x,3.0%
2026-07-31,DA-BODY-SCRUB-002,BodyScrub,Flipkart,1079,29133,1323,4.54%,52,21788,20.19x,5.0%
2026-07-30,DA-BODY-SCRUB-002,BodyScrub,Meesho,1149,28725,1568,5.46%,192,80448,70.02x,1.4%
2026-07-29,DA-BODY-SCRUB-002,BodyScrub,Myntra,1040,29120,442,1.52%,27,11313,10.88x,9.2%
2026-07-28,DA-BODY-SCRUB-002,BodyScrub,Own Website,854,28182,491,1.74%,33,13827,16.19x,6.2%
2026-08-11,DR-FOOT-ROLL-ON-001,FootCream,Flipkart,1217,23123,900,3.89%,112,46928,38.56x,2.6%
2026-08-10,DR-FOOT-ROLL-ON-001,FootCream,Meesho,852,28968,1540,5.32%,116,48604,57.05x,1.8%
2026-08-09,DR-FOOT-ROLL-ON-001,FootCream,Myntra,760,11400,324,2.84%,26,10894,14.33x,7.0%
2026-08-08,DR-FOOT-ROLL-ON-001,FootCream,Own Website,1327,33175,1454,4.38%,180,75420,56.83x,1.8%
2026-08-07,DR-FOOT-ROLL-ON-001,FootCream,Amazon,778,20228,912,4.51%,38,15922,20.47x,4.9%
2026-08-06,DR-FOOT-ROLL-ON-001,FootCream,Flipkart,230,6210,241,3.88%,23,9637,41.90x,2.4%
2026-08-05,DR-FOOT-ROLL-ON-001,FootCream,Meesho,1093,32790,1626,4.96%,70,29330,26.83x,3.7%
2026-08-04,DR-FOOT-ROLL-ON-001,FootCream,Myntra,1204,44548,2131,4.78%,104,43576,36.19x,2.8%
2026-08-03,DR-FOOT-ROLL-ON-001,FootCream,Own Website,320,4800,154,3.21%,19,7961,24.88x,4.0%
2026-08-02,DR-FOOT-ROLL-ON-001,FootCream,Amazon,341,6479,175,2.70%,9,3771,11.06x,9.0%
2026-08-01,DR-FOOT-ROLL-ON-001,FootCream,Flipkart,454,14528,379,2.61%,40,16760,36.92x,2.7%
2026-07-31,DR-FOOT-ROLL-ON-001,FootCream,Meesho,610,18910,422,2.23%,53,22207,36.40x,2.7%
2026-07-30,DR-FOOT-ROLL-ON-001,FootCream,Myntra,581,20916,903,4.32%,68,28492,49.04x,2.0%
2026-07-29,DR-FOOT-ROLL-ON-001,FootCream,Own Website,525,11025,325,2.95%,13,5447,10.38x,9.6%
2026-07-28,DR-FOOT-ROLL-ON-001,FootCream,Amazon,439,10097,274,2.71%,9,3771,8.59x,11.6%
2026-08-11,DA-Sunscreen-Body-Lotion-003,Sunscreen,Meesho,415,9130,479,5.25%,34,14246,34.33x,2.9%
2026-08-10,DA-Sunscreen-Body-Lotion-003,Sunscreen,Myntra,1087,33697,1694,5.03%,95,39805,36.62x,2.7%
2026-08-09,DA-Sunscreen-Body-Lotion-003,Sunscreen,Own Website,802,12832,294,2.29%,34,14246,17.76x,5.6%
2026-08-08,DA-Sunscreen-Body-Lotion-003,Sunscreen,Amazon,696,21576,883,4.09%,122,51118,73.45x,1.4%
2026-08-07,DA-Sunscreen-Body-Lotion-003,Sunscreen,Flipkart,413,11151,496,4.45%,51,21369,51.74x,1.9%
2026-08-06,DA-Sunscreen-Body-Lotion-003,Sunscreen,Meesho,230,5060,199,3.93%,8,3352,14.57x,6.9%
2026-08-05,DA-Sunscreen-Body-Lotion-003,Sunscreen,Myntra,1057,38052,1338,3.52%,166,69554,65.80x,1.5%
2026-08-04,DA-Sunscreen-Body-Lotion-003,Sunscreen,Own Website,873,13968,400,2.86%,27,11313,12.96x,7.7%
2026-08-03,DA-Sunscreen-Body-Lotion-003,Sunscreen,Amazon,460,14720,307,2.09%,33,13827,30.06x,3.3%
2026-08-02,DA-Sunscreen-Body-Lotion-003,Sunscreen,Flipkart,183,3477,174,5.00%,26,10894,59.53x,1.7%
2026-08-01,DA-Sunscreen-Body-Lotion-003,Sunscreen,Meesho,1293,46548,1933,4.15%,200,83800,64.81x,1.5%
2026-07-31,DA-Sunscreen-Body-Lotion-003,Sunscreen,Myntra,1001,21021,1082,5.15%,109,45671,45.63x,2.2%
2026-07-30,DA-Sunscreen-Body-Lotion-003,Sunscreen,Own Website,1304,28688,827,2.88%,79,33101,25.38x,3.9%
2026-07-29,DA-Sunscreen-Body-Lotion-003,Sunscreen,Amazon,1015,32480,996,3.07%,80,33520,33.02x,3.0%
2026-07-28,DA-Sunscreen-Body-Lotion-003,Sunscreen,Flipkart,1144,29744,832,2.80%,98,41062,35.89x,2.8%
2026-08-11,V3-----,ComboAndKit,Myntra,779,21033,745,3.54%,53,22207,28.51x,3.5%
2026-08-10,V3-----,ComboAndKit,Own Website,387,9288,432,4.65%,47,19693,50.89x,2.0%
2026-08-09,V3-----,ComboAndKit,Amazon,507,15210,517,3.40%,62,25978,51.24x,2.0%
2026-08-08,V3-----,ComboAndKit,Flipkart,294,10290,202,1.96%,16,6704,22.80x,4.4%
2026-08-07,V3-----,ComboAndKit,Meesho,1027,28756,1282,4.46%,46,19274,18.77x,5.3%
2026-08-06,V3-----,ComboAndKit,Myntra,843,28662,1175,4.10%,61,25559,30.32x,3.3%
2026-08-05,V3-----,ComboAndKit,Own Website,369,14022,358,2.55%,43,18017,48.83x,2.0%
2026-08-04,V3-----,ComboAndKit,Amazon,1088,39168,2052,5.24%,134,56146,51.60x,1.9%
2026-08-03,V3-----,ComboAndKit,Flipkart,755,12835,260,2.03%,34,14246,18.87x,5.3%
2026-08-02,V3-----,ComboAndKit,Meesho,474,18486,441,2.39%,19,7961,16.80x,6.0%
2026-08-01,V3-----,ComboAndKit,Myntra,639,12780,701,5.49%,34,14246,22.29x,4.5%
2026-07-31,V3-----,ComboAndKit,Own Website,660,19140,412,2.15%,38,15922,24.12x,4.1%
2026-07-30,V3-----,ComboAndKit,Amazon,854,14518,435,3.00%,18,7542,8.83x,11.3%
2026-07-29,V3-----,ComboAndKit,Flipkart,889,27559,1192,4.33%,106,44414,49.96x,2.0%
2026-07-28,V3-----,ComboAndKit,Meesho,967,19340,383,1.98%,49,20531,21.23x,4.7%
2026-08-11,LEBW-PFS-PM-UC-PCFC,ComboAndKit,Own Website,1002,32064,1164,3.63%,109,45671,45.58x,2.2%
2026-08-10,LEBW-PFS-PM-UC-PCFC,ComboAndKit,Amazon,745,20860,952,4.56%,106,44414,59.62x,1.7%
2026-08-09,LEBW-PFS-PM-UC-PCFC,ComboAndKit,Flipkart,425,8925,274,3.07%,35,14665,34.51x,2.9%
2026-08-08,LEBW-PFS-PM-UC-PCFC,ComboAndKit,Meesho,398,5970,144,2.41%,21,8799,22.11x,4.5%
2026-08-07,LEBW-PFS-PM-UC-PCFC,ComboAndKit,Myntra,1340,26800,701,2.62%,58,24302,18.14x,5.5%
2026-08-06,LEBW-PFS-PM-UC-PCFC,ComboAndKit,Own Website,557,20052,533,2.66%,63,26397,47.39x,2.1%
2026-08-05,LEBW-PFS-PM-UC-PCFC,ComboAndKit,Amazon,713,23529,985,4.19%,97,40643,57.00x,1.8%
2026-08-04,LEBW-PFS-PM-UC-PCFC,ComboAndKit,Flipkart,1122,29172,1436,4.92%,205,85895,76.56x,1.3%
2026-08-03,LEBW-PFS-PM-UC-PCFC,ComboAndKit,Meesho,277,8310,413,4.97%,40,16760,60.51x,1.7%
2026-08-02,LEBW-PFS-PM-UC-PCFC,ComboAndKit,Myntra,619,19189,726,3.78%,59,24721,39.94x,2.5%
2026-08-01,LEBW-PFS-PM-UC-PCFC,ComboAndKit,Own Website,462,15246,466,3.06%,35,14665,31.74x,3.2%
2026-07-31,LEBW-PFS-PM-UC-PCFC,ComboAndKit,Amazon,1033,23759,775,3.26%,76,31844,30.83x,3.2%
2026-07-30,LEBW-PFS-PM-UC-PCFC,ComboAndKit,Flipkart,406,13804,750,5.43%,77,32263,79.47x,1.3%
2026-07-29,LEBW-PFS-PM-UC-PCFC,ComboAndKit,Meesho,1121,30267,1373,4.54%,65,27235,24.30x,4.1%
2026-07-28,LEBW-PFS-PM-UC-PCFC,ComboAndKit,Myntra,1315,32875,1386,4.22%,59,24721,18.80x,5.3%
2026-08-11,VQ-Pineapplecleans-Moisturiz-GuavaMoisturiz-Serum-JamunSerum,ComboAndKit,Amazon,1320,31680,883,2.79%,125,52375,39.68x,2.5%
2026-08-10,VQ-Pineapplecleans-Moisturiz-GuavaMoisturiz-Serum-JamunSerum,ComboAndKit,Flipkart,998,24950,1283,5.14%,83,34777,34.85x,2.9%
2026-08-09,VQ-Pineapplecleans-Moisturiz-GuavaMoisturiz-Serum-JamunSerum,ComboAndKit,Meesho,969,34884,1551,4.45%,147,61593,63.56x,1.6%
2026-08-08,VQ-Pineapplecleans-Moisturiz-GuavaMoisturiz-Serum-JamunSerum,ComboAndKit,Myntra,574,20090,1003,4.99%,108,45252,78.84x,1.3%
2026-08-07,VQ-Pineapplecleans-Moisturiz-GuavaMoisturiz-Serum-JamunSerum,ComboAndKit,Own Website,306,6732,185,2.75%,11,4609,15.06x,6.6%
2026-08-06,VQ-Pineapplecleans-Moisturiz-GuavaMoisturiz-Serum-JamunSerum,ComboAndKit,Amazon,1070,26750,436,1.63%,53,22207,20.75x,4.8%
2026-08-05,VQ-Pineapplecleans-Moisturiz-GuavaMoisturiz-Serum-JamunSerum,ComboAndKit,Flipkart,770,17710,793,4.48%,110,46090,59.86x,1.7%
2026-08-04,VQ-Pineapplecleans-Moisturiz-GuavaMoisturiz-Serum-JamunSerum,ComboAndKit,Meesho,777,21756,551,2.53%,19,7961,10.25x,9.8%
2026-08-03,VQ-Pineapplecleans-Moisturiz-GuavaMoisturiz-Serum-JamunSerum,ComboAndKit,Myntra,578,19074,484,2.54%,37,15503,26.82x,3.7%
2026-08-02,VQ-Pineapplecleans-Moisturiz-GuavaMoisturiz-Serum-JamunSerum,ComboAndKit,Own Website,397,9528,152,1.60%,14,5866,14.78x,6.8%
2026-08-01,VQ-Pineapplecleans-Moisturiz-GuavaMoisturiz-Serum-JamunSerum,ComboAndKit,Amazon,388,14744,581,3.94%,68,28492,73.43x,1.4%
2026-07-31,VQ-Pineapplecleans-Moisturiz-GuavaMoisturiz-Serum-JamunSerum,ComboAndKit,Flipkart,1081,29187,1012,3.47%,43,18017,16.67x,6.0%
2026-07-30,VQ-Pineapplecleans-Moisturiz-GuavaMoisturiz-Serum-JamunSerum,ComboAndKit,Meesho,859,30065,813,2.70%,56,23464,27.32x,3.7%
2026-07-29,VQ-Pineapplecleans-Moisturiz-GuavaMoisturiz-Serum-JamunSerum,ComboAndKit,Myntra,745,26075,1344,5.15%,90,37710,50.62x,2.0%
2026-07-28,VQ-Pineapplecleans-Moisturiz-GuavaMoisturiz-Serum-JamunSerum,ComboAndKit,Own Website,232,3944,194,4.92%,11,4609,19.87x,5.0%
2026-08-11,DA-SUNSCREEN-SPF-002,Sunscreen,Flipkart,205,5125,113,2.20%,7,2933,14.31x,7.0%
2026-08-10,DA-SUNSCREEN-SPF-002,Sunscreen,Meesho,1047,15705,792,5.04%,44,18436,17.61x,5.7%
2026-08-09,DA-SUNSCREEN-SPF-002,Sunscreen,Myntra,520,16640,475,2.85%,40,16760,32.23x,3.1%
2026-08-08,DA-SUNSCREEN-SPF-002,Sunscreen,Own Website,171,2736,79,2.89%,4,1676,9.80x,10.2%
2026-08-07,DA-SUNSCREEN-SPF-002,Sunscreen,Amazon,646,22610,590,2.61%,36,15084,23.35x,4.3%
2026-08-06,DA-SUNSCREEN-SPF-002,Sunscreen,Flipkart,1291,29693,998,3.36%,109,45671,35.38x,2.8%
2026-08-05,DA-SUNSCREEN-SPF-002,Sunscreen,Meesho,286,7722,372,4.82%,26,10894,38.09x,2.6%
2026-08-04,DA-SUNSCREEN-SPF-002,Sunscreen,Myntra,441,7938,227,2.86%,29,12151,27.55x,3.6%
2026-08-03,DA-SUNSCREEN-SPF-002,Sunscreen,Own Website,609,9744,311,3.19%,16,6704,11.01x,9.1%
2026-08-02,DA-SUNSCREEN-SPF-002,Sunscreen,Amazon,854,29036,481,1.66%,50,20950,24.53x,4.1%
2026-08-01,DA-SUNSCREEN-SPF-002,Sunscreen,Flipkart,1229,45473,977,2.15%,40,16760,13.64x,7.3%
2026-07-31,DA-SUNSCREEN-SPF-002,Sunscreen,Meesho,598,21528,881,4.09%,99,41481,69.37x,1.4%
2026-07-30,DA-SUNSCREEN-SPF-002,Sunscreen,Myntra,510,9180,141,1.54%,8,3352,6.57x,15.2%
2026-07-29,DA-SUNSCREEN-SPF-002,Sunscreen,Own Website,1058,26450,1088,4.11%,122,51118,48.32x,2.1%
2026-07-28,DA-SUNSCREEN-SPF-002,Sunscreen,Amazon,431,12068,472,3.91%,18,7542,17.50x,5.7%
2026-08-11,DA-KOJIC-SERUM-002,FaceSerums,Meesho,227,6583,99,1.50%,12,5028,22.15x,4.5%
2026-08-10,DA-KOJIC-SERUM-002,FaceSerums,Myntra,746,14174,348,2.46%,12,5028,6.74x,14.8%
2026-08-09,DA-KOJIC-SERUM-002,FaceSerums,Own Website,365,10220,327,3.20%,46,19274,52.81x,1.9%
2026-08-08,DA-KOJIC-SERUM-002,FaceSerums,Amazon,591,16548,604,3.65%,20,8380,14.18x,7.1%
2026-08-07,DA-KOJIC-SERUM-002,FaceSerums,Flipkart,659,23724,491,2.07%,33,13827,20.98x,4.8%
2026-08-06,DA-KOJIC-SERUM-002,FaceSerums,Meesho,979,26433,1176,4.45%,84,35196,35.95x,2.8%
2026-08-05,DA-KOJIC-SERUM-002,FaceSerums,Myntra,340,8500,351,4.13%,47,19693,57.92x,1.7%
2026-08-04,DA-KOJIC-SERUM-002,FaceSerums,Own Website,1290,41280,1570,3.80%,232,97208,75.36x,1.3%
2026-08-03,DA-KOJIC-SERUM-002,FaceSerums,Amazon,403,6851,360,5.25%,33,13827,34.31x,2.9%
2026-08-02,DA-KOJIC-SERUM-002,FaceSerums,Flipkart,1052,41028,793,1.93%,100,41900,39.83x,2.5%
2026-08-01,DA-KOJIC-SERUM-002,FaceSerums,Meesho,1180,21240,1008,4.75%,42,17598,14.91x,6.7%
2026-07-31,DA-KOJIC-SERUM-002,FaceSerums,Myntra,295,8555,270,3.16%,36,15084,51.13x,2.0%
2026-07-30,DA-KOJIC-SERUM-002,FaceSerums,Own Website,980,24500,724,2.96%,28,11732,11.97x,8.4%
2026-07-29,DA-KOJIC-SERUM-002,FaceSerums,Amazon,464,13920,640,4.60%,76,31844,68.63x,1.5%
2026-07-28,DA-KOJIC-SERUM-002,FaceSerums,Flipkart,812,29232,531,1.82%,76,31844,39.22x,2.5%
2026-08-11,VQ-Serum-001,HairSerum,Myntra,871,24388,818,3.35%,66,27654,31.75x,3.1%
2026-08-10,VQ-Serum-001,HairSerum,Own Website,1289,21913,1151,5.25%,170,71230,55.26x,1.8%
2026-08-09,VQ-Serum-001,HairSerum,Amazon,1160,23200,1198,5.16%,122,51118,44.07x,2.3%
2026-08-08,VQ-Serum-001,HairSerum,Flipkart,602,9632,322,3.34%,21,8799,14.62x,6.8%
2026-08-07,VQ-Serum-001,HairSerum,Meesho,747,13446,655,4.87%,97,40643,54.41x,1.8%
2026-08-06,VQ-Serum-001,HairSerum,Myntra,544,8704,169,1.94%,20,8380,15.40x,6.5%
2026-08-05,VQ-Serum-001,HairSerum,Own Website,207,3933,84,2.14%,5,2095,10.12x,9.9%
2026-08-04,VQ-Serum-001,HairSerum,Amazon,862,33618,1422,4.23%,104,43576,50.55x,2.0%
2026-08-03,VQ-Serum-001,HairSerum,Flipkart,665,13965,500,3.58%,16,6704,10.08x,9.9%
2026-08-02,VQ-Serum-001,HairSerum,Meesho,1134,30618,551,1.80%,36,15084,13.30x,7.5%
2026-08-01,VQ-Serum-001,HairSerum,Myntra,852,18744,557,2.97%,22,9218,10.82x,9.2%
2026-07-31,VQ-Serum-001,HairSerum,Own Website,727,11632,210,1.81%,30,12570,17.29x,5.8%
2026-07-30,VQ-Serum-001,HairSerum,Amazon,638,9570,375,3.92%,22,9218,14.45x,6.9%
2026-07-29,VQ-Serum-001,HairSerum,Flipkart,339,8136,306,3.76%,44,18436,54.38x,1.8%
2026-07-28,VQ-Serum-001,HairSerum,Meesho,684,16416,680,4.14%,73,30587,44.72x,2.2%
2026-08-11,KOJIC FACE SERUM + SALISYLIC FACE SERUM,ComboAndKit,Own Website,697,20910,383,1.83%,18,7542,10.82x,9.2%
2026-08-10,KOJIC FACE SERUM + SALISYLIC FACE SERUM,ComboAndKit,Amazon,465,11160,453,4.06%,33,13827,29.74x,3.4%
2026-08-09,KOJIC FACE SERUM + SALISYLIC FACE SERUM,ComboAndKit,Flipkart,497,16401,855,5.21%,120,50280,101.17x,1.0%
2026-08-08,KOJIC FACE SERUM + SALISYLIC FACE SERUM,ComboAndKit,Meesho,182,6916,243,3.51%,11,4609,25.32x,3.9%
2026-08-07,KOJIC FACE SERUM + SALISYLIC FACE SERUM,ComboAndKit,Myntra,817,24510,892,3.64%,73,30587,37.44x,2.7%
2026-08-06,KOJIC FACE SERUM + SALISYLIC FACE SERUM,ComboAndKit,Own Website,1085,39060,1441,3.69%,101,42319,39.00x,2.6%
2026-08-05,KOJIC FACE SERUM + SALISYLIC FACE SERUM,ComboAndKit,Amazon,1057,33824,1404,4.15%,126,52794,49.95x,2.0%
2026-08-04,KOJIC FACE SERUM + SALISYLIC FACE SERUM,ComboAndKit,Flipkart,856,32528,1731,5.32%,222,93018,108.67x,0.9%
2026-08-03,KOJIC FACE SERUM + SALISYLIC FACE SERUM,ComboAndKit,Meesho,454,12712,521,4.10%,33,13827,30.46x,3.3%
2026-08-02,KOJIC FACE SERUM + SALISYLIC FACE SERUM,ComboAndKit,Myntra,862,31894,1286,4.03%,145,60755,70.48x,1.4%
2026-08-01,KOJIC FACE SERUM + SALISYLIC FACE SERUM,ComboAndKit,Own Website,1322,51558,828,1.61%,72,30168,22.82x,4.4%
2026-07-31,KOJIC FACE SERUM + SALISYLIC FACE SERUM,ComboAndKit,Amazon,522,14094,659,4.68%,45,18855,36.12x,2.8%
2026-07-30,KOJIC FACE SERUM + SALISYLIC FACE SERUM,ComboAndKit,Flipkart,957,21054,359,1.71%,22,9218,9.63x,10.4%
2026-07-29,KOJIC FACE SERUM + SALISYLIC FACE SERUM,ComboAndKit,Meesho,1276,22968,942,4.10%,124,51956,40.72x,2.5%
2026-07-28,KOJIC FACE SERUM + SALISYLIC FACE SERUM,ComboAndKit,Myntra,663,15912,557,3.50%,42,17598,26.54x,3.8%
2026-08-11,Vitamin C Serum 1,FaceCreamAndGel,Amazon,652,24124,1181,4.90%,143,59917,91.90x,1.1%
2026-08-10,Vitamin C Serum 1,FaceCreamAndGel,Flipkart,591,22458,992,4.42%,44,18436,31.19x,3.2%
2026-08-09,Vitamin C Serum 1,FaceCreamAndGel,Meesho,1074,26850,760,2.83%,45,18855,17.56x,5.7%
2026-08-08,Vitamin C Serum 1,FaceCreamAndGel,Myntra,612,10404,423,4.07%,23,9637,15.75x,6.4%
2026-08-07,Vitamin C Serum 1,FaceCreamAndGel,Own Website,1086,27150,1255,4.62%,150,62850,57.87x,1.7%
2026-08-06,Vitamin C Serum 1,FaceCreamAndGel,Amazon,1161,33669,649,1.93%,59,24721,21.29x,4.7%
2026-08-05,Vitamin C Serum 1,FaceCreamAndGel,Flipkart,814,17908,888,4.96%,64,26816,32.94x,3.0%
2026-08-04,Vitamin C Serum 1,FaceCreamAndGel,Meesho,378,12852,382,2.97%,30,12570,33.25x,3.0%
2026-08-03,Vitamin C Serum 1,FaceCreamAndGel,Myntra,1315,32875,1223,3.72%,142,59498,45.25x,2.2%
2026-08-02,Vitamin C Serum 1,FaceCreamAndGel,Own Website,244,8540,309,3.62%,32,13408,54.95x,1.8%
2026-08-01,Vitamin C Serum 1,FaceCreamAndGel,Amazon,1317,43461,1700,3.91%,130,54470,41.36x,2.4%
2026-07-31,Vitamin C Serum 1,FaceCreamAndGel,Flipkart,902,18040,374,2.07%,48,20112,22.30x,4.5%
2026-07-30,Vitamin C Serum 1,FaceCreamAndGel,Meesho,222,5328,186,3.49%,16,6704,30.20x,3.3%
2026-07-29,Vitamin C Serum 1,FaceCreamAndGel,Myntra,1182,22458,676,3.01%,58,24302,20.56x,4.9%
2026-07-28,Vitamin C Serum 1,FaceCreamAndGel,Own Website,1162,45318,1308,2.89%,151,63269,54.45x,1.8%
2026-08-11,DA-SALI-FW-03,Facewash,Flipkart,1133,36256,1886,5.20%,219,91761,80.99x,1.2%
2026-08-10,DA-SALI-FW-03,Facewash,Meesho,210,5460,112,2.05%,7,2933,13.97x,7.2%
2026-08-09,DA-SALI-FW-03,Facewash,Myntra,704,20416,314,1.54%,13,5447,7.74x,12.9%
2026-08-08,DA-SALI-FW-03,Facewash,Own Website,1034,19646,399,2.03%,13,5447,5.27x,19.0%
2026-08-07,DA-SALI-FW-03,Facewash,Amazon,380,8360,333,3.98%,41,17179,45.21x,2.2%
2026-08-06,DA-SALI-FW-03,Facewash,Flipkart,544,10336,285,2.76%,18,7542,13.86x,7.2%
2026-08-05,DA-SALI-FW-03,Facewash,Meesho,580,19720,446,2.26%,38,15922,27.45x,3.6%
2026-08-04,DA-SALI-FW-03,Facewash,Myntra,1337,42784,796,1.86%,53,22207,16.61x,6.0%
2026-08-03,DA-SALI-FW-03,Facewash,Own Website,396,10296,272,2.64%,17,7123,17.99x,5.6%
2026-08-02,DA-SALI-FW-03,Facewash,Amazon,1329,51831,1321,2.55%,81,33939,25.54x,3.9%
2026-08-01,DA-SALI-FW-03,Facewash,Flipkart,276,6624,350,5.28%,39,16341,59.21x,1.7%
2026-07-31,DA-SALI-FW-03,Facewash,Meesho,500,9000,221,2.46%,9,3771,7.54x,13.3%
2026-07-30,DA-SALI-FW-03,Facewash,Myntra,618,16686,630,3.78%,69,28911,46.78x,2.1%
2026-07-29,DA-SALI-FW-03,Facewash,Own Website,1101,31929,1272,3.98%,75,31425,28.54x,3.5%
2026-07-28,DA-SALI-FW-03,Facewash,Amazon,339,8136,191,2.35%,15,6285,18.54x,5.4%
2026-08-11,CON-RW-NHS,ComboAndKit,Meesho,1217,34076,1383,4.06%,104,43576,35.81x,2.8%
2026-08-10,CON-RW-NHS,ComboAndKit,Myntra,611,23218,536,2.31%,56,23464,38.40x,2.6%
2026-08-09,CON-RW-NHS,ComboAndKit,Own Website,604,10268,328,3.19%,21,8799,14.57x,6.9%
2026-08-08,CON-RW-NHS,ComboAndKit,Amazon,1339,37492,1792,4.78%,246,103074,76.98x,1.3%
2026-08-07,CON-RW-NHS,ComboAndKit,Flipkart,837,12555,255,2.03%,28,11732,14.02x,7.1%
2026-08-06,CON-RW-NHS,ComboAndKit,Meesho,1309,47124,1857,3.94%,183,76677,58.58x,1.7%
2026-08-05,CON-RW-NHS,ComboAndKit,Myntra,355,9230,217,2.35%,8,3352,9.44x,10.6%
2026-08-04,CON-RW-NHS,ComboAndKit,Own Website,1243,27346,767,2.80%,67,28073,22.58x,4.4%
2026-08-03,CON-RW-NHS,ComboAndKit,Amazon,202,5252,249,4.74%,8,3352,16.59x,6.0%
2026-08-02,CON-RW-NHS,ComboAndKit,Flipkart,1044,38628,602,1.56%,67,28073,26.89x,3.7%
2026-08-01,CON-RW-NHS,ComboAndKit,Meesho,156,2652,80,3.02%,12,5028,32.23x,3.1%
2026-07-31,CON-RW-NHS,ComboAndKit,Myntra,222,5550,303,5.46%,34,14246,64.17x,1.6%
2026-07-30,CON-RW-NHS,ComboAndKit,Own Website,602,23478,956,4.07%,45,18855,31.32x,3.2%
2026-07-29,CON-RW-NHS,ComboAndKit,Amazon,1074,39738,1777,4.47%,186,77934,72.56x,1.4%
2026-07-28,CON-RW-NHS,ComboAndKit,Flipkart,879,18459,704,3.81%,69,28911,32.89x,3.0%
2026-08-11,Rosemary Shampoo + Praya Hair Oil + Praya Hair Serum,ComboAndKit,Myntra,151,3322,62,1.87%,9,3771,24.97x,4.0%
2026-08-10,Rosemary Shampoo + Praya Hair Oil + Praya Hair Serum,ComboAndKit,Own Website,161,2898,101,3.49%,12,5028,31.23x,3.2%
2026-08-09,Rosemary Shampoo + Praya Hair Oil + Praya Hair Serum,ComboAndKit,Amazon,226,8136,347,4.26%,32,13408,59.33x,1.7%
2026-08-08,Rosemary Shampoo + Praya Hair Oil + Praya Hair Serum,ComboAndKit,Flipkart,698,24430,1100,4.50%,116,48604,69.63x,1.4%
2026-08-07,Rosemary Shampoo + Praya Hair Oil + Praya Hair Serum,ComboAndKit,Meesho,172,4816,254,5.27%,30,12570,73.08x,1.4%
2026-08-06,Rosemary Shampoo + Praya Hair Oil + Praya Hair Serum,ComboAndKit,Myntra,717,25095,942,3.75%,46,19274,26.88x,3.7%
2026-08-05,Rosemary Shampoo + Praya Hair Oil + Praya Hair Serum,ComboAndKit,Own Website,991,34685,1582,4.56%,205,85895,86.68x,1.2%
2026-08-04,Rosemary Shampoo + Praya Hair Oil + Praya Hair Serum,ComboAndKit,Amazon,958,33530,1065,3.18%,42,17598,18.37x,5.4%
2026-08-03,Rosemary Shampoo + Praya Hair Oil + Praya Hair Serum,ComboAndKit,Flipkart,1014,39546,1795,4.54%,242,101398,100.00x,1.0%
2026-08-02,Rosemary Shampoo + Praya Hair Oil + Praya Hair Serum,ComboAndKit,Meesho,505,13635,530,3.89%,44,18436,36.51x,2.7%
2026-08-01,Rosemary Shampoo + Praya Hair Oil + Praya Hair Serum,ComboAndKit,Myntra,509,11198,407,3.63%,38,15922,31.28x,3.2%
2026-07-31,Rosemary Shampoo + Praya Hair Oil + Praya Hair Serum,ComboAndKit,Own Website,387,6966,358,5.14%,16,6704,17.32x,5.8%
2026-07-30,Rosemary Shampoo + Praya Hair Oil + Praya Hair Serum,ComboAndKit,Amazon,193,5404,245,4.53%,32,13408,69.47x,1.4%
2026-07-29,Rosemary Shampoo + Praya Hair Oil + Praya Hair Serum,ComboAndKit,Flipkart,307,5833,135,2.31%,18,7542,24.57x,4.1%
2026-07-28,Rosemary Shampoo + Praya Hair Oil + Praya Hair Serum,ComboAndKit,Meesho,643,10931,360,3.29%,13,5447,8.47x,11.8%
2026-08-11,DA-Cleanser-002,Facewash,Own Website,551,9367,302,3.22%,16,6704,12.17x,8.2%
2026-08-10,DA-Cleanser-002,Facewash,Amazon,485,9700,291,3.00%,16,6704,13.82x,7.2%
2026-08-09,DA-Cleanser-002,Facewash,Flipkart,959,19180,831,4.33%,93,38967,40.63x,2.5%
2026-08-08,DA-Cleanser-002,Facewash,Meesho,956,35372,1052,2.97%,68,28492,29.80x,3.4%
2026-08-07,DA-Cleanser-002,Facewash,Myntra,848,19504,673,3.45%,96,40224,47.43x,2.1%
2026-08-06,DA-Cleanser-002,Facewash,Own Website,324,10368,171,1.65%,9,3771,11.64x,8.6%
2026-08-05,DA-Cleanser-002,Facewash,Amazon,606,11514,525,4.56%,66,27654,45.63x,2.2%
2026-08-04,DA-Cleanser-002,Facewash,Flipkart,739,17736,940,5.30%,69,28911,39.12x,2.6%
2026-08-03,DA-Cleanser-002,Facewash,Meesho,524,14148,719,5.08%,83,34777,66.37x,1.5%
2026-08-02,DA-Cleanser-002,Facewash,Myntra,716,27924,726,2.60%,77,32263,45.06x,2.2%
2026-08-01,DA-Cleanser-002,Facewash,Own Website,341,9889,317,3.21%,18,7542,22.12x,4.5%
2026-07-31,DA-Cleanser-002,Facewash,Amazon,1294,36232,1216,3.36%,157,65783,50.84x,2.0%
2026-07-30,DA-Cleanser-002,Facewash,Flipkart,300,7500,230,3.07%,27,11313,37.71x,2.7%
2026-07-29,DA-Cleanser-002,Facewash,Meesho,1197,43092,1694,3.93%,148,62012,51.81x,1.9%
2026-07-28,DA-Cleanser-002,Facewash,Myntra,574,14924,365,2.45%,23,9637,16.79x,6.0%
2026-08-11,VITAMIN C 30ML + NIACINAMIDE FACE SERUM,ComboAndKit,Amazon,1190,17850,495,2.77%,16,6704,5.63x,17.8%
2026-08-10,VITAMIN C 30ML + NIACINAMIDE FACE SERUM,ComboAndKit,Flipkart,701,26638,423,1.59%,20,8380,11.95x,8.4%
2026-08-09,VITAMIN C 30ML + NIACINAMIDE FACE SERUM,ComboAndKit,Meesho,926,13890,746,5.37%,112,46928,50.68x,2.0%
2026-08-08,VITAMIN C 30ML + NIACINAMIDE FACE SERUM,ComboAndKit,Myntra,530,20140,605,3.00%,59,24721,46.64x,2.1%
2026-08-07,VITAMIN C 30ML + NIACINAMIDE FACE SERUM,ComboAndKit,Own Website,1257,46509,2032,4.37%,76,31844,25.33x,3.9%
2026-08-06,VITAMIN C 30ML + NIACINAMIDE FACE SERUM,ComboAndKit,Amazon,240,7200,135,1.88%,12,5028,20.95x,4.8%
2026-08-05,VITAMIN C 30ML + NIACINAMIDE FACE SERUM,ComboAndKit,Flipkart,736,19872,432,2.17%,28,11732,15.94x,6.3%
2026-08-04,VITAMIN C 30ML + NIACINAMIDE FACE SERUM,ComboAndKit,Meesho,1038,34254,1723,5.03%,59,24721,23.82x,4.2%
2026-08-03,VITAMIN C 30ML + NIACINAMIDE FACE SERUM,ComboAndKit,Myntra,338,9126,492,5.39%,61,25559,75.62x,1.3%
2026-08-02,VITAMIN C 30ML + NIACINAMIDE FACE SERUM,ComboAndKit,Own Website,934,24284,858,3.53%,125,52375,56.08x,1.8%
2026-08-01,VITAMIN C 30ML + NIACINAMIDE FACE SERUM,ComboAndKit,Amazon,196,4508,141,3.13%,17,7123,36.34x,2.8%
2026-07-31,VITAMIN C 30ML + NIACINAMIDE FACE SERUM,ComboAndKit,Flipkart,975,18525,761,4.11%,81,33939,34.81x,2.9%
2026-07-30,VITAMIN C 30ML + NIACINAMIDE FACE SERUM,ComboAndKit,Meesho,680,25840,1151,4.45%,74,31006,45.60x,2.2%
2026-07-29,VITAMIN C 30ML + NIACINAMIDE FACE SERUM,ComboAndKit,Myntra,816,17952,594,3.31%,32,13408,16.43x,6.1%
2026-07-28,VITAMIN C 30ML + NIACINAMIDE FACE SERUM,ComboAndKit,Own Website,273,9828,175,1.78%,23,9637,35.30x,2.8%
2026-08-11,DA-Sunscreen-Body-Lotion-002,Sunscreen,Flipkart,898,18858,617,3.27%,81,33939,37.79x,2.6%
2026-08-10,DA-Sunscreen-Body-Lotion-002,Sunscreen,Meesho,1163,41868,2227,5.32%,181,75839,65.21x,1.5%
2026-08-09,DA-Sunscreen-Body-Lotion-002,Sunscreen,Myntra,1017,18306,780,4.26%,51,21369,21.01x,4.8%
2026-08-08,DA-Sunscreen-Body-Lotion-002,Sunscreen,Own Website,726,28314,1034,3.65%,133,55727,76.76x,1.3%
2026-08-07,DA-Sunscreen-Body-Lotion-002,Sunscreen,Amazon,352,8448,168,1.99%,23,9637,27.38x,3.7%
2026-08-06,DA-Sunscreen-Body-Lotion-002,Sunscreen,Flipkart,1322,22474,985,4.38%,67,28073,21.24x,4.7%
2026-08-05,DA-Sunscreen-Body-Lotion-002,Sunscreen,Meesho,621,9315,330,3.54%,35,14665,23.62x,4.2%
2026-08-04,DA-Sunscreen-Body-Lotion-002,Sunscreen,Myntra,498,15936,850,5.33%,52,21788,43.75x,2.3%
2026-08-03,DA-Sunscreen-Body-Lotion-002,Sunscreen,Own Website,388,7372,275,3.73%,23,9637,24.84x,4.0%
2026-08-02,DA-Sunscreen-Body-Lotion-002,Sunscreen,Amazon,1215,27945,1236,4.42%,44,18436,15.17x,6.6%
2026-08-01,DA-Sunscreen-Body-Lotion-002,Sunscreen,Flipkart,262,4716,221,4.69%,23,9637,36.78x,2.7%
2026-07-31,DA-Sunscreen-Body-Lotion-002,Sunscreen,Meesho,1113,16695,759,4.55%,95,39805,35.76x,2.8%
2026-07-30,DA-Sunscreen-Body-Lotion-002,Sunscreen,Myntra,235,5405,277,5.12%,40,16760,71.32x,1.4%
2026-07-29,DA-Sunscreen-Body-Lotion-002,Sunscreen,Own Website,273,4914,147,2.99%,20,8380,30.70x,3.3%
2026-07-28,DA-Sunscreen-Body-Lotion-002,Sunscreen,Amazon,802,30476,1454,4.77%,185,77515,96.65x,1.0%
2026-08-11,Foot-Roll-On-001,"20% Urea Foot Cream Roll On 50ml | 2% Lactic Acid, Olive Oil & Vitamin E | Non-Greasy Triple Action Moisturizer | Best Foot Cream for Cracked Heels | Foot Roll On for Dry & Cracked Feet",Meesho,1166,41976,1801,4.29%,269,112711,96.66x,1.0%
2026-08-10,Foot-Roll-On-001,"20% Urea Foot Cream Roll On 50ml | 2% Lactic Acid, Olive Oil & Vitamin E | Non-Greasy Triple Action Moisturizer | Best Foot Cream for Cracked Heels | Foot Roll On for Dry & Cracked Feet",Myntra,261,8091,374,4.62%,41,17179,65.82x,1.5%
2026-08-09,Foot-Roll-On-001,"20% Urea Foot Cream Roll On 50ml | 2% Lactic Acid, Olive Oil & Vitamin E | Non-Greasy Triple Action Moisturizer | Best Foot Cream for Cracked Heels | Foot Roll On for Dry & Cracked Feet",Own Website,800,19200,516,2.69%,78,32682,40.85x,2.4%
2026-08-08,Foot-Roll-On-001,"20% Urea Foot Cream Roll On 50ml | 2% Lactic Acid, Olive Oil & Vitamin E | Non-Greasy Triple Action Moisturizer | Best Foot Cream for Cracked Heels | Foot Roll On for Dry & Cracked Feet",Amazon,615,23370,774,3.31%,115,48185,78.35x,1.3%
2026-08-07,Foot-Roll-On-001,"20% Urea Foot Cream Roll On 50ml | 2% Lactic Acid, Olive Oil & Vitamin E | Non-Greasy Triple Action Moisturizer | Best Foot Cream for Cracked Heels | Foot Roll On for Dry & Cracked Feet",Flipkart,1252,33804,1516,4.48%,196,82124,65.59x,1.5%
2026-08-06,Foot-Roll-On-001,"20% Urea Foot Cream Roll On 50ml | 2% Lactic Acid, Olive Oil & Vitamin E | Non-Greasy Triple Action Moisturizer | Best Foot Cream for Cracked Heels | Foot Roll On for Dry & Cracked Feet",Meesho,217,8463,363,4.29%,52,21788,100.41x,1.0%
2026-08-05,Foot-Roll-On-001,"20% Urea Foot Cream Roll On 50ml | 2% Lactic Acid, Olive Oil & Vitamin E | Non-Greasy Triple Action Moisturizer | Best Foot Cream for Cracked Heels | Foot Roll On for Dry & Cracked Feet",Myntra,881,30835,1513,4.91%,181,75839,86.08x,1.2%
2026-08-04,Foot-Roll-On-001,"20% Urea Foot Cream Roll On 50ml | 2% Lactic Acid, Olive Oil & Vitamin E | Non-Greasy Triple Action Moisturizer | Best Foot Cream for Cracked Heels | Foot Roll On for Dry & Cracked Feet",Own Website,150,3000,77,2.57%,7,2933,19.55x,5.1%
2026-08-03,Foot-Roll-On-001,"20% Urea Foot Cream Roll On 50ml | 2% Lactic Acid, Olive Oil & Vitamin E | Non-Greasy Triple Action Moisturizer | Best Foot Cream for Cracked Heels | Foot Roll On for Dry & Cracked Feet",Amazon,994,28826,1118,3.88%,106,44414,44.68x,2.2%
2026-08-02,Foot-Roll-On-001,"20% Urea Foot Cream Roll On 50ml | 2% Lactic Acid, Olive Oil & Vitamin E | Non-Greasy Triple Action Moisturizer | Best Foot Cream for Cracked Heels | Foot Roll On for Dry & Cracked Feet",Flipkart,591,15366,734,4.78%,84,35196,59.55x,1.7%
2026-08-01,Foot-Roll-On-001,"20% Urea Foot Cream Roll On 50ml | 2% Lactic Acid, Olive Oil & Vitamin E | Non-Greasy Triple Action Moisturizer | Best Foot Cream for Cracked Heels | Foot Roll On for Dry & Cracked Feet",Meesho,619,19808,306,1.54%,42,17598,28.43x,3.5%
2026-07-31,Foot-Roll-On-001,"20% Urea Foot Cream Roll On 50ml | 2% Lactic Acid, Olive Oil & Vitamin E | Non-Greasy Triple Action Moisturizer | Best Foot Cream for Cracked Heels | Foot Roll On for Dry & Cracked Feet",Myntra,588,15288,308,2.01%,14,5866,9.98x,10.0%
2026-07-30,Foot-Roll-On-001,"20% Urea Foot Cream Roll On 50ml | 2% Lactic Acid, Olive Oil & Vitamin E | Non-Greasy Triple Action Moisturizer | Best Foot Cream for Cracked Heels | Foot Roll On for Dry & Cracked Feet",Own Website,267,4272,90,2.11%,9,3771,14.12x,7.1%
2026-07-29,Foot-Roll-On-001,"20% Urea Foot Cream Roll On 50ml | 2% Lactic Acid, Olive Oil & Vitamin E | Non-Greasy Triple Action Moisturizer | Best Foot Cream for Cracked Heels | Foot Roll On for Dry & Cracked Feet",Amazon,566,18678,597,3.20%,30,12570,22.21x,4.5%
2026-07-28,Foot-Roll-On-001,"20% Urea Foot Cream Roll On 50ml | 2% Lactic Acid, Olive Oil & Vitamin E | Non-Greasy Triple Action Moisturizer | Best Foot Cream for Cracked Heels | Foot Roll On for Dry & Cracked Feet",Flipkart,288,9504,421,4.43%,16,6704,23.28x,4.3%
2026-08-11,VEQIX DE-TAN Body Wash Pack of 1,"De-Tan Coffee Body Wash 200ml | Deep Cleansing, Tan Removal & Exfoliation | Removes Dead Skin, Boosts Glow & Smoothness | Sulphate-Free | For Men & Women | All Skin Types",Myntra,867,13872,352,2.54%,41,17179,19.81x,5.0%
2026-08-10,VEQIX DE-TAN Body Wash Pack of 1,"De-Tan Coffee Body Wash 200ml | Deep Cleansing, Tan Removal & Exfoliation | Removes Dead Skin, Boosts Glow & Smoothness | Sulphate-Free | For Men & Women | All Skin Types",Own Website,191,3820,202,5.29%,14,5866,30.71x,3.3%
2026-08-09,VEQIX DE-TAN Body Wash Pack of 1,"De-Tan Coffee Body Wash 200ml | Deep Cleansing, Tan Removal & Exfoliation | Removes Dead Skin, Boosts Glow & Smoothness | Sulphate-Free | For Men & Women | All Skin Types",Amazon,810,19440,838,4.31%,83,34777,42.93x,2.3%
2026-08-08,VEQIX DE-TAN Body Wash Pack of 1,"De-Tan Coffee Body Wash 200ml | Deep Cleansing, Tan Removal & Exfoliation | Removes Dead Skin, Boosts Glow & Smoothness | Sulphate-Free | For Men & Women | All Skin Types",Flipkart,917,32095,1196,3.73%,80,33520,36.55x,2.7%
2026-08-07,VEQIX DE-TAN Body Wash Pack of 1,"De-Tan Coffee Body Wash 200ml | Deep Cleansing, Tan Removal & Exfoliation | Removes Dead Skin, Boosts Glow & Smoothness | Sulphate-Free | For Men & Women | All Skin Types",Meesho,982,35352,597,1.69%,41,17179,17.49x,5.7%
2026-08-06,VEQIX DE-TAN Body Wash Pack of 1,"De-Tan Coffee Body Wash 200ml | Deep Cleansing, Tan Removal & Exfoliation | Removes Dead Skin, Boosts Glow & Smoothness | Sulphate-Free | For Men & Women | All Skin Types",Myntra,1297,35019,579,1.65%,28,11732,9.05x,11.1%
2026-08-05,VEQIX DE-TAN Body Wash Pack of 1,"De-Tan Coffee Body Wash 200ml | Deep Cleansing, Tan Removal & Exfoliation | Removes Dead Skin, Boosts Glow & Smoothness | Sulphate-Free | For Men & Women | All Skin Types",Own Website,948,21804,766,3.51%,101,42319,44.64x,2.2%
2026-08-04,VEQIX DE-TAN Body Wash Pack of 1,"De-Tan Coffee Body Wash 200ml | Deep Cleansing, Tan Removal & Exfoliation | Removes Dead Skin, Boosts Glow & Smoothness | Sulphate-Free | For Men & Women | All Skin Types",Amazon,787,17314,873,5.04%,102,42738,54.30x,1.8%
2026-08-03,VEQIX DE-TAN Body Wash Pack of 1,"De-Tan Coffee Body Wash 200ml | Deep Cleansing, Tan Removal & Exfoliation | Removes Dead Skin, Boosts Glow & Smoothness | Sulphate-Free | For Men & Women | All Skin Types",Flipkart,697,16031,351,2.19%,48,20112,28.86x,3.5%
2026-08-02,VEQIX DE-TAN Body Wash Pack of 1,"De-Tan Coffee Body Wash 200ml | Deep Cleansing, Tan Removal & Exfoliation | Removes Dead Skin, Boosts Glow & Smoothness | Sulphate-Free | For Men & Women | All Skin Types",Meesho,752,22560,1120,4.96%,115,48185,64.08x,1.6%
2026-08-01,VEQIX DE-TAN Body Wash Pack of 1,"De-Tan Coffee Body Wash 200ml | Deep Cleansing, Tan Removal & Exfoliation | Removes Dead Skin, Boosts Glow & Smoothness | Sulphate-Free | For Men & Women | All Skin Types",Myntra,233,5359,119,2.22%,6,2514,10.79x,9.3%
2026-07-31,VEQIX DE-TAN Body Wash Pack of 1,"De-Tan Coffee Body Wash 200ml | Deep Cleansing, Tan Removal & Exfoliation | Removes Dead Skin, Boosts Glow & Smoothness | Sulphate-Free | For Men & Women | All Skin Types",Own Website,885,13275,307,2.31%,23,9637,10.89x,9.2%
2026-07-30,VEQIX DE-TAN Body Wash Pack of 1,"De-Tan Coffee Body Wash 200ml | Deep Cleansing, Tan Removal & Exfoliation | Removes Dead Skin, Boosts Glow & Smoothness | Sulphate-Free | For Men & Women | All Skin Types",Amazon,215,6020,200,3.32%,13,5447,25.33x,3.9%
2026-07-29,VEQIX DE-TAN Body Wash Pack of 1,"De-Tan Coffee Body Wash 200ml | Deep Cleansing, Tan Removal & Exfoliation | Removes Dead Skin, Boosts Glow & Smoothness | Sulphate-Free | For Men & Women | All Skin Types",Flipkart,479,13412,368,2.74%,31,12989,27.12x,3.7%
2026-07-28,VEQIX DE-TAN Body Wash Pack of 1,"De-Tan Coffee Body Wash 200ml | Deep Cleansing, Tan Removal & Exfoliation | Removes Dead Skin, Boosts Glow & Smoothness | Sulphate-Free | For Men & Women | All Skin Types",Meesho,616,18480,600,3.25%,31,12989,21.09x,4.7%
2026-08-11,VQ VITHAN SERUM PACKOF 2,"Veqix Vithan Pro Hair Serum Hair Serum For Dry frizzy Hair, Vitamin E Nourishment, 48 hour frizz free, non-sticky-30 ML",Own Website,1129,24838,458,1.84%,29,12151,10.76x,9.3%
2026-08-10,VQ VITHAN SERUM PACKOF 2,"Veqix Vithan Pro Hair Serum Hair Serum For Dry frizzy Hair, Vitamin E Nourishment, 48 hour frizz free, non-sticky-30 ML",Amazon,1286,48868,755,1.54%,58,24302,18.90x,5.3%
2026-08-09,VQ VITHAN SERUM PACKOF 2,"Veqix Vithan Pro Hair Serum Hair Serum For Dry frizzy Hair, Vitamin E Nourishment, 48 hour frizz free, non-sticky-30 ML",Flipkart,954,34344,1060,3.09%,38,15922,16.69x,6.0%
2026-08-08,VQ VITHAN SERUM PACKOF 2,"Veqix Vithan Pro Hair Serum Hair Serum For Dry frizzy Hair, Vitamin E Nourishment, 48 hour frizz free, non-sticky-30 ML",Meesho,919,14704,221,1.50%,13,5447,5.93x,16.9%
2026-08-07,VQ VITHAN SERUM PACKOF 2,"Veqix Vithan Pro Hair Serum Hair Serum For Dry frizzy Hair, Vitamin E Nourishment, 48 hour frizz free, non-sticky-30 ML",Myntra,769,27684,430,1.55%,60,25140,32.69x,3.1%
2026-08-06,VQ VITHAN SERUM PACKOF 2,"Veqix Vithan Pro Hair Serum Hair Serum For Dry frizzy Hair, Vitamin E Nourishment, 48 hour frizz free, non-sticky-30 ML",Own Website,454,11350,409,3.60%,34,14246,31.38x,3.2%
2026-08-05,VQ VITHAN SERUM PACKOF 2,"Veqix Vithan Pro Hair Serum Hair Serum For Dry frizzy Hair, Vitamin E Nourishment, 48 hour frizz free, non-sticky-30 ML",Amazon,1325,42400,1979,4.67%,73,30587,23.08x,4.3%
2026-08-04,VQ VITHAN SERUM PACKOF 2,"Veqix Vithan Pro Hair Serum Hair Serum For Dry frizzy Hair, Vitamin E Nourishment, 48 hour frizz free, non-sticky-30 ML",Flipkart,1313,26260,437,1.66%,47,19693,15.00x,6.7%
2026-08-03,VQ VITHAN SERUM PACKOF 2,"Veqix Vithan Pro Hair Serum Hair Serum For Dry frizzy Hair, Vitamin E Nourishment, 48 hour frizz free, non-sticky-30 ML",Meesho,1118,39130,1601,4.09%,147,61593,55.09x,1.8%
2026-08-02,VQ VITHAN SERUM PACKOF 2,"Veqix Vithan Pro Hair Serum Hair Serum For Dry frizzy Hair, Vitamin E Nourishment, 48 hour frizz free, non-sticky-30 ML",Myntra,1188,46332,1214,2.62%,61,25559,21.51x,4.6%
2026-08-01,VQ VITHAN SERUM PACKOF 2,"Veqix Vithan Pro Hair Serum Hair Serum For Dry frizzy Hair, Vitamin E Nourishment, 48 hour frizz free, non-sticky-30 ML",Own Website,275,9625,191,1.98%,7,2933,10.67x,9.4%
2026-07-31,VQ VITHAN SERUM PACKOF 2,"Veqix Vithan Pro Hair Serum Hair Serum For Dry frizzy Hair, Vitamin E Nourishment, 48 hour frizz free, non-sticky-30 ML",Amazon,742,14098,390,2.77%,57,23883,32.19x,3.1%
2026-07-30,VQ VITHAN SERUM PACKOF 2,"Veqix Vithan Pro Hair Serum Hair Serum For Dry frizzy Hair, Vitamin E Nourishment, 48 hour frizz free, non-sticky-30 ML",Flipkart,665,14630,279,1.91%,18,7542,11.34x,8.8%
2026-07-29,VQ VITHAN SERUM PACKOF 2,"Veqix Vithan Pro Hair Serum Hair Serum For Dry frizzy Hair, Vitamin E Nourishment, 48 hour frizz free, non-sticky-30 ML",Meesho,1119,22380,957,4.28%,73,30587,27.33x,3.7%
2026-07-28,VQ VITHAN SERUM PACKOF 2,"Veqix Vithan Pro Hair Serum Hair Serum For Dry frizzy Hair, Vitamin E Nourishment, 48 hour frizz free, non-sticky-30 ML",Myntra,819,29484,1034,3.51%,110,46090,56.28x,1.8%
2026-08-11,hocl spray - FBA,"Dr. Algar Anti-Acne HOCL Face & Body Spray 200 ml | Hypochlorous Acid Spray for Skin Barrier Support | Helps Soothe Redness, Acne Flare & Skin Irritat",Amazon,248,8184,273,3.34%,35,14665,59.13x,1.7%
2026-08-10,hocl spray - FBA,"Dr. Algar Anti-Acne HOCL Face & Body Spray 200 ml | Hypochlorous Acid Spray for Skin Barrier Support | Helps Soothe Redness, Acne Flare & Skin Irritat",Flipkart,995,19900,393,1.97%,50,20950,21.06x,4.7%
2026-08-09,hocl spray - FBA,"Dr. Algar Anti-Acne HOCL Face & Body Spray 200 ml | Hypochlorous Acid Spray for Skin Barrier Support | Helps Soothe Redness, Acne Flare & Skin Irritat",Meesho,773,25509,759,2.98%,38,15922,20.60x,4.9%
2026-08-08,hocl spray - FBA,"Dr. Algar Anti-Acne HOCL Face & Body Spray 200 ml | Hypochlorous Acid Spray for Skin Barrier Support | Helps Soothe Redness, Acne Flare & Skin Irritat",Myntra,1144,17160,820,4.78%,51,21369,18.68x,5.4%
2026-08-07,hocl spray - FBA,"Dr. Algar Anti-Acne HOCL Face & Body Spray 200 ml | Hypochlorous Acid Spray for Skin Barrier Support | Helps Soothe Redness, Acne Flare & Skin Irritat",Own Website,268,5628,240,4.26%,8,3352,12.51x,8.0%
2026-08-06,hocl spray - FBA,"Dr. Algar Anti-Acne HOCL Face & Body Spray 200 ml | Hypochlorous Acid Spray for Skin Barrier Support | Helps Soothe Redness, Acne Flare & Skin Irritat",Amazon,755,17365,639,3.68%,27,11313,14.98x,6.7%
2026-08-05,hocl spray - FBA,"Dr. Algar Anti-Acne HOCL Face & Body Spray 200 ml | Hypochlorous Acid Spray for Skin Barrier Support | Helps Soothe Redness, Acne Flare & Skin Irritat",Flipkart,639,21726,493,2.27%,60,25140,39.34x,2.5%
2026-08-04,hocl spray - FBA,"Dr. Algar Anti-Acne HOCL Face & Body Spray 200 ml | Hypochlorous Acid Spray for Skin Barrier Support | Helps Soothe Redness, Acne Flare & Skin Irritat",Meesho,405,9720,320,3.29%,21,8799,21.73x,4.6%
2026-08-03,hocl spray - FBA,"Dr. Algar Anti-Acne HOCL Face & Body Spray 200 ml | Hypochlorous Acid Spray for Skin Barrier Support | Helps Soothe Redness, Acne Flare & Skin Irritat",Myntra,742,23744,673,2.83%,73,30587,41.22x,2.4%
2026-08-02,hocl spray - FBA,"Dr. Algar Anti-Acne HOCL Face & Body Spray 200 ml | Hypochlorous Acid Spray for Skin Barrier Support | Helps Soothe Redness, Acne Flare & Skin Irritat",Own Website,801,28035,1067,3.81%,92,38548,48.12x,2.1%
2026-08-01,hocl spray - FBA,"Dr. Algar Anti-Acne HOCL Face & Body Spray 200 ml | Hypochlorous Acid Spray for Skin Barrier Support | Helps Soothe Redness, Acne Flare & Skin Irritat",Amazon,985,28565,1092,3.82%,155,64945,65.93x,1.5%
2026-07-31,hocl spray - FBA,"Dr. Algar Anti-Acne HOCL Face & Body Spray 200 ml | Hypochlorous Acid Spray for Skin Barrier Support | Helps Soothe Redness, Acne Flare & Skin Irritat",Flipkart,736,18400,598,3.25%,66,27654,37.57x,2.7%
2026-07-30,hocl spray - FBA,"Dr. Algar Anti-Acne HOCL Face & Body Spray 200 ml | Hypochlorous Acid Spray for Skin Barrier Support | Helps Soothe Redness, Acne Flare & Skin Irritat",Meesho,1104,41952,1881,4.48%,158,66202,59.97x,1.7%
2026-07-29,hocl spray - FBA,"Dr. Algar Anti-Acne HOCL Face & Body Spray 200 ml | Hypochlorous Acid Spray for Skin Barrier Support | Helps Soothe Redness, Acne Flare & Skin Irritat",Myntra,1340,41540,1725,4.15%,142,59498,44.40x,2.3%
2026-07-28,hocl spray - FBA,"Dr. Algar Anti-Acne HOCL Face & Body Spray 200 ml | Hypochlorous Acid Spray for Skin Barrier Support | Helps Soothe Redness, Acne Flare & Skin Irritat",Own Website,686,24010,935,3.89%,94,39386,57.41x,1.7%
2026-08-11,Kojic Acid Serum 2,Dr. Algar Kojic Acid Serum 2% for Hyperpigmentation & Uneven Skin Tone | Helps Reduce Dark Spots | Lightweight Formula for Men & Women,Flipkart,1133,35123,1206,3.43%,156,65364,57.69x,1.7%
2026-08-10,Kojic Acid Serum 2,Dr. Algar Kojic Acid Serum 2% for Hyperpigmentation & Uneven Skin Tone | Helps Reduce Dark Spots | Lightweight Formula for Men & Women,Meesho,1006,29174,1563,5.36%,178,74582,74.14x,1.3%
2026-08-09,Kojic Acid Serum 2,Dr. Algar Kojic Acid Serum 2% for Hyperpigmentation & Uneven Skin Tone | Helps Reduce Dark Spots | Lightweight Formula for Men & Women,Myntra,732,19764,940,4.76%,35,14665,20.03x,5.0%
2026-08-08,Kojic Acid Serum 2,Dr. Algar Kojic Acid Serum 2% for Hyperpigmentation & Uneven Skin Tone | Helps Reduce Dark Spots | Lightweight Formula for Men & Women,Own Website,1180,17700,282,1.59%,11,4609,3.91x,25.6%
2026-08-07,Kojic Acid Serum 2,Dr. Algar Kojic Acid Serum 2% for Hyperpigmentation & Uneven Skin Tone | Helps Reduce Dark Spots | Lightweight Formula for Men & Women,Amazon,1016,31496,1553,4.93%,114,47766,47.01x,2.1%
2026-08-06,Kojic Acid Serum 2,Dr. Algar Kojic Acid Serum 2% for Hyperpigmentation & Uneven Skin Tone | Helps Reduce Dark Spots | Lightweight Formula for Men & Women,Flipkart,565,8475,194,2.29%,15,6285,11.12x,9.0%
2026-08-05,Kojic Acid Serum 2,Dr. Algar Kojic Acid Serum 2% for Hyperpigmentation & Uneven Skin Tone | Helps Reduce Dark Spots | Lightweight Formula for Men & Women,Meesho,171,4959,201,4.05%,10,4190,24.50x,4.1%
2026-08-04,Kojic Acid Serum 2,Dr. Algar Kojic Acid Serum 2% for Hyperpigmentation & Uneven Skin Tone | Helps Reduce Dark Spots | Lightweight Formula for Men & Women,Myntra,538,18830,1028,5.46%,71,29749,55.30x,1.8%
2026-08-03,Kojic Acid Serum 2,Dr. Algar Kojic Acid Serum 2% for Hyperpigmentation & Uneven Skin Tone | Helps Reduce Dark Spots | Lightweight Formula for Men & Women,Own Website,310,5890,205,3.48%,24,10056,32.44x,3.1%
2026-08-02,Kojic Acid Serum 2,Dr. Algar Kojic Acid Serum 2% for Hyperpigmentation & Uneven Skin Tone | Helps Reduce Dark Spots | Lightweight Formula for Men & Women,Amazon,443,16391,557,3.40%,20,8380,18.92x,5.3%
2026-08-01,Kojic Acid Serum 2,Dr. Algar Kojic Acid Serum 2% for Hyperpigmentation & Uneven Skin Tone | Helps Reduce Dark Spots | Lightweight Formula for Men & Women,Flipkart,1213,43668,2337,5.35%,162,67878,55.96x,1.8%
2026-07-31,Kojic Acid Serum 2,Dr. Algar Kojic Acid Serum 2% for Hyperpigmentation & Uneven Skin Tone | Helps Reduce Dark Spots | Lightweight Formula for Men & Women,Meesho,1252,23788,1019,4.28%,71,29749,23.76x,4.2%
2026-07-30,Kojic Acid Serum 2,Dr. Algar Kojic Acid Serum 2% for Hyperpigmentation & Uneven Skin Tone | Helps Reduce Dark Spots | Lightweight Formula for Men & Women,Myntra,896,17024,466,2.74%,65,27235,30.40x,3.3%
2026-07-29,Kojic Acid Serum 2,Dr. Algar Kojic Acid Serum 2% for Hyperpigmentation & Uneven Skin Tone | Helps Reduce Dark Spots | Lightweight Formula for Men & Women,Own Website,402,13266,698,5.26%,95,39805,99.02x,1.0%
2026-07-28,Kojic Acid Serum 2,Dr. Algar Kojic Acid Serum 2% for Hyperpigmentation & Uneven Skin Tone | Helps Reduce Dark Spots | Lightweight Formula for Men & Women,Amazon,571,16559,731,4.41%,92,38548,67.51x,1.5%
2026-08-11,Sunscreen Gel - Pack of 1 - FBA,"Dr. Algar Professional Sunscreen Lotion SPF 55 PA+++ | Broad Spectrum UVA/UVB Sun Protection Cream for Indian Skin | Lightweight, Non-Greasy, Water-Re",Meesho,1066,37310,798,2.14%,118,49442,46.38x,2.2%
2026-08-10,Sunscreen Gel - Pack of 1 - FBA,"Dr. Algar Professional Sunscreen Lotion SPF 55 PA+++ | Broad Spectrum UVA/UVB Sun Protection Cream for Indian Skin | Lightweight, Non-Greasy, Water-Re",Myntra,627,24453,957,3.91%,135,56565,90.22x,1.1%
2026-08-09,Sunscreen Gel - Pack of 1 - FBA,"Dr. Algar Professional Sunscreen Lotion SPF 55 PA+++ | Broad Spectrum UVA/UVB Sun Protection Cream for Indian Skin | Lightweight, Non-Greasy, Water-Re",Own Website,1056,20064,881,4.39%,95,39805,37.69x,2.7%
2026-08-08,Sunscreen Gel - Pack of 1 - FBA,"Dr. Algar Professional Sunscreen Lotion SPF 55 PA+++ | Broad Spectrum UVA/UVB Sun Protection Cream for Indian Skin | Lightweight, Non-Greasy, Water-Re",Amazon,1231,24620,629,2.55%,64,26816,21.78x,4.6%
2026-08-07,Sunscreen Gel - Pack of 1 - FBA,"Dr. Algar Professional Sunscreen Lotion SPF 55 PA+++ | Broad Spectrum UVA/UVB Sun Protection Cream for Indian Skin | Lightweight, Non-Greasy, Water-Re",Flipkart,459,11016,472,4.28%,16,6704,14.61x,6.8%
2026-08-06,Sunscreen Gel - Pack of 1 - FBA,"Dr. Algar Professional Sunscreen Lotion SPF 55 PA+++ | Broad Spectrum UVA/UVB Sun Protection Cream for Indian Skin | Lightweight, Non-Greasy, Water-Re",Meesho,1157,21983,483,2.20%,36,15084,13.04x,7.7%
2026-08-05,Sunscreen Gel - Pack of 1 - FBA,"Dr. Algar Professional Sunscreen Lotion SPF 55 PA+++ | Broad Spectrum UVA/UVB Sun Protection Cream for Indian Skin | Lightweight, Non-Greasy, Water-Re",Myntra,648,18792,831,4.42%,51,21369,32.98x,3.0%
2026-08-04,Sunscreen Gel - Pack of 1 - FBA,"Dr. Algar Professional Sunscreen Lotion SPF 55 PA+++ | Broad Spectrum UVA/UVB Sun Protection Cream for Indian Skin | Lightweight, Non-Greasy, Water-Re",Own Website,237,6636,293,4.42%,17,7123,30.05x,3.3%
2026-08-03,Sunscreen Gel - Pack of 1 - FBA,"Dr. Algar Professional Sunscreen Lotion SPF 55 PA+++ | Broad Spectrum UVA/UVB Sun Protection Cream for Indian Skin | Lightweight, Non-Greasy, Water-Re",Amazon,1073,23606,639,2.71%,57,23883,22.26x,4.5%
2026-08-02,Sunscreen Gel - Pack of 1 - FBA,"Dr. Algar Professional Sunscreen Lotion SPF 55 PA+++ | Broad Spectrum UVA/UVB Sun Protection Cream for Indian Skin | Lightweight, Non-Greasy, Water-Re",Flipkart,1071,31059,672,2.16%,21,8799,8.22x,12.2%
2026-08-01,Sunscreen Gel - Pack of 1 - FBA,"Dr. Algar Professional Sunscreen Lotion SPF 55 PA+++ | Broad Spectrum UVA/UVB Sun Protection Cream for Indian Skin | Lightweight, Non-Greasy, Water-Re",Meesho,1349,28329,1047,3.70%,151,63269,46.90x,2.1%
2026-07-31,Sunscreen Gel - Pack of 1 - FBA,"Dr. Algar Professional Sunscreen Lotion SPF 55 PA+++ | Broad Spectrum UVA/UVB Sun Protection Cream for Indian Skin | Lightweight, Non-Greasy, Water-Re",Myntra,1278,33228,1514,4.56%,105,43995,34.42x,2.9%
2026-07-30,Sunscreen Gel - Pack of 1 - FBA,"Dr. Algar Professional Sunscreen Lotion SPF 55 PA+++ | Broad Spectrum UVA/UVB Sun Protection Cream for Indian Skin | Lightweight, Non-Greasy, Water-Re",Own Website,406,11368,388,3.41%,43,18017,44.38x,2.3%
2026-07-29,Sunscreen Gel - Pack of 1 - FBA,"Dr. Algar Professional Sunscreen Lotion SPF 55 PA+++ | Broad Spectrum UVA/UVB Sun Protection Cream for Indian Skin | Lightweight, Non-Greasy, Water-Re",Amazon,718,17950,772,4.30%,24,10056,14.01x,7.1%
2026-07-28,Sunscreen Gel - Pack of 1 - FBA,"Dr. Algar Professional Sunscreen Lotion SPF 55 PA+++ | Broad Spectrum UVA/UVB Sun Protection Cream for Indian Skin | Lightweight, Non-Greasy, Water-Re",Flipkart,920,13800,732,5.30%,78,32682,35.52x,2.8%
2026-08-11,VEQIX Hair Care Combo V5,"Rosemary Combo (Pack of 5) - Shampoo + Conditioner + Growth Oil + Serum + Rosemary Water Spray | Promotes Growth, Controls Fall, Strengthens & Fights Frizz | For Men & Women | All Types",Myntra,236,8968,248,2.77%,16,6704,28.41x,3.5%
2026-08-10,VEQIX Hair Care Combo V5,"Rosemary Combo (Pack of 5) - Shampoo + Conditioner + Growth Oil + Serum + Rosemary Water Spray | Promotes Growth, Controls Fall, Strengthens & Fights Frizz | For Men & Women | All Types",Own Website,633,24687,1252,5.07%,164,68716,108.56x,0.9%
2026-08-09,VEQIX Hair Care Combo V5,"Rosemary Combo (Pack of 5) - Shampoo + Conditioner + Growth Oil + Serum + Rosemary Water Spray | Promotes Growth, Controls Fall, Strengthens & Fights Frizz | For Men & Women | All Types",Amazon,576,21888,871,3.98%,101,42319,73.47x,1.4%
2026-08-08,VEQIX Hair Care Combo V5,"Rosemary Combo (Pack of 5) - Shampoo + Conditioner + Growth Oil + Serum + Rosemary Water Spray | Promotes Growth, Controls Fall, Strengthens & Fights Frizz | For Men & Women | All Types",Flipkart,1163,30238,1496,4.95%,159,66621,57.28x,1.7%
2026-08-07,VEQIX Hair Care Combo V5,"Rosemary Combo (Pack of 5) - Shampoo + Conditioner + Growth Oil + Serum + Rosemary Water Spray | Promotes Growth, Controls Fall, Strengthens & Fights Frizz | For Men & Women | All Types",Meesho,310,10850,489,4.51%,51,21369,68.93x,1.5%
2026-08-06,VEQIX Hair Care Combo V5,"Rosemary Combo (Pack of 5) - Shampoo + Conditioner + Growth Oil + Serum + Rosemary Water Spray | Promotes Growth, Controls Fall, Strengthens & Fights Frizz | For Men & Women | All Types",Myntra,376,7520,381,5.07%,20,8380,22.29x,4.5%
2026-08-05,VEQIX Hair Care Combo V5,"Rosemary Combo (Pack of 5) - Shampoo + Conditioner + Growth Oil + Serum + Rosemary Water Spray | Promotes Growth, Controls Fall, Strengthens & Fights Frizz | For Men & Women | All Types",Own Website,957,15312,503,3.29%,53,22207,23.20x,4.3%
2026-08-04,VEQIX Hair Care Combo V5,"Rosemary Combo (Pack of 5) - Shampoo + Conditioner + Growth Oil + Serum + Rosemary Water Spray | Promotes Growth, Controls Fall, Strengthens & Fights Frizz | For Men & Women | All Types",Amazon,480,12480,596,4.78%,85,35615,74.20x,1.3%
2026-08-03,VEQIX Hair Care Combo V5,"Rosemary Combo (Pack of 5) - Shampoo + Conditioner + Growth Oil + Serum + Rosemary Water Spray | Promotes Growth, Controls Fall, Strengthens & Fights Frizz | For Men & Women | All Types",Flipkart,759,17457,554,3.17%,70,29330,38.64x,2.6%
2026-08-02,VEQIX Hair Care Combo V5,"Rosemary Combo (Pack of 5) - Shampoo + Conditioner + Growth Oil + Serum + Rosemary Water Spray | Promotes Growth, Controls Fall, Strengthens & Fights Frizz | For Men & Women | All Types",Meesho,1297,27237,1064,3.91%,154,64526,49.75x,2.0%
2026-08-01,VEQIX Hair Care Combo V5,"Rosemary Combo (Pack of 5) - Shampoo + Conditioner + Growth Oil + Serum + Rosemary Water Spray | Promotes Growth, Controls Fall, Strengthens & Fights Frizz | For Men & Women | All Types",Myntra,400,8800,402,4.57%,51,21369,53.42x,1.9%
2026-07-31,VEQIX Hair Care Combo V5,"Rosemary Combo (Pack of 5) - Shampoo + Conditioner + Growth Oil + Serum + Rosemary Water Spray | Promotes Growth, Controls Fall, Strengthens & Fights Frizz | For Men & Women | All Types",Own Website,474,10902,538,4.93%,46,19274,40.66x,2.5%
2026-07-30,VEQIX Hair Care Combo V5,"Rosemary Combo (Pack of 5) - Shampoo + Conditioner + Growth Oil + Serum + Rosemary Water Spray | Promotes Growth, Controls Fall, Strengthens & Fights Frizz | For Men & Women | All Types",Amazon,359,13283,660,4.97%,53,22207,61.86x,1.6%
2026-07-29,VEQIX Hair Care Combo V5,"Rosemary Combo (Pack of 5) - Shampoo + Conditioner + Growth Oil + Serum + Rosemary Water Spray | Promotes Growth, Controls Fall, Strengthens & Fights Frizz | For Men & Women | All Types",Flipkart,328,9512,420,4.42%,50,20950,63.87x,1.6%
2026-07-28,VEQIX Hair Care Combo V5,"Rosemary Combo (Pack of 5) - Shampoo + Conditioner + Growth Oil + Serum + Rosemary Water Spray | Promotes Growth, Controls Fall, Strengthens & Fights Frizz | For Men & Women | All Types",Meesho,1016,36576,1947,5.32%,220,92180,90.73x,1.1%
2026-08-11,VQ+CONDITIONER+1+,"VEQIX Vartha Hair Conditioner,Locks in moisture toKeep Hair Conditioned and Frizz Free-, with Sea Butter, Aloevera, Cooa Butter 100 ML",Own Website,942,31086,1035,3.33%,139,58241,61.83x,1.6%
2026-08-10,VQ+CONDITIONER+1+,"VEQIX Vartha Hair Conditioner,Locks in moisture toKeep Hair Conditioned and Frizz Free-, with Sea Butter, Aloevera, Cooa Butter 100 ML",Amazon,663,23205,516,2.22%,23,9637,14.54x,6.9%
2026-08-09,VQ+CONDITIONER+1+,"VEQIX Vartha Hair Conditioner,Locks in moisture toKeep Hair Conditioned and Frizz Free-, with Sea Butter, Aloevera, Cooa Butter 100 ML",Flipkart,319,5104,276,5.41%,15,6285,19.70x,5.1%
2026-08-08,VQ+CONDITIONER+1+,"VEQIX Vartha Hair Conditioner,Locks in moisture toKeep Hair Conditioned and Frizz Free-, with Sea Butter, Aloevera, Cooa Butter 100 ML",Meesho,700,24500,1195,4.88%,172,72068,102.95x,1.0%
2026-08-07,VQ+CONDITIONER+1+,"VEQIX Vartha Hair Conditioner,Locks in moisture toKeep Hair Conditioned and Frizz Free-, with Sea Butter, Aloevera, Cooa Butter 100 ML",Myntra,214,3638,74,2.03%,11,4609,21.54x,4.6%
2026-08-06,VQ+CONDITIONER+1+,"VEQIX Vartha Hair Conditioner,Locks in moisture toKeep Hair Conditioned and Frizz Free-, with Sea Butter, Aloevera, Cooa Butter 100 ML",Own Website,610,15860,595,3.75%,48,20112,32.97x,3.0%
2026-08-05,VQ+CONDITIONER+1+,"VEQIX Vartha Hair Conditioner,Locks in moisture toKeep Hair Conditioned and Frizz Free-, with Sea Butter, Aloevera, Cooa Butter 100 ML",Amazon,784,26656,1160,4.35%,97,40643,51.84x,1.9%
2026-08-04,VQ+CONDITIONER+1+,"VEQIX Vartha Hair Conditioner,Locks in moisture toKeep Hair Conditioned and Frizz Free-, with Sea Butter, Aloevera, Cooa Butter 100 ML",Flipkart,677,12186,620,5.09%,64,26816,39.61x,2.5%
2026-08-03,VQ+CONDITIONER+1+,"VEQIX Vartha Hair Conditioner,Locks in moisture toKeep Hair Conditioned and Frizz Free-, with Sea Butter, Aloevera, Cooa Butter 100 ML",Meesho,794,26996,630,2.33%,62,25978,32.72x,3.1%
2026-08-02,VQ+CONDITIONER+1+,"VEQIX Vartha Hair Conditioner,Locks in moisture toKeep Hair Conditioned and Frizz Free-, with Sea Butter, Aloevera, Cooa Butter 100 ML",Myntra,303,4848,88,1.82%,6,2514,8.30x,12.1%
2026-08-01,VQ+CONDITIONER+1+,"VEQIX Vartha Hair Conditioner,Locks in moisture toKeep Hair Conditioned and Frizz Free-, with Sea Butter, Aloevera, Cooa Butter 100 ML",Own Website,595,17850,677,3.79%,100,41900,70.42x,1.4%
2026-07-31,VQ+CONDITIONER+1+,"VEQIX Vartha Hair Conditioner,Locks in moisture toKeep Hair Conditioned and Frizz Free-, with Sea Butter, Aloevera, Cooa Butter 100 ML",Amazon,885,34515,1386,4.02%,191,80029,90.43x,1.1%
2026-07-30,VQ+CONDITIONER+1+,"VEQIX Vartha Hair Conditioner,Locks in moisture toKeep Hair Conditioned and Frizz Free-, with Sea Butter, Aloevera, Cooa Butter 100 ML",Flipkart,216,4968,127,2.56%,14,5866,27.16x,3.7%
2026-07-29,VQ+CONDITIONER+1+,"VEQIX Vartha Hair Conditioner,Locks in moisture toKeep Hair Conditioned and Frizz Free-, with Sea Butter, Aloevera, Cooa Butter 100 ML",Meesho,547,13128,262,2.00%,10,4190,7.66x,13.1%
2026-07-28,VQ+CONDITIONER+1+,"VEQIX Vartha Hair Conditioner,Locks in moisture toKeep Hair Conditioned and Frizz Free-, with Sea Butter, Aloevera, Cooa Butter 100 ML",Myntra,252,7812,168,2.15%,8,3352,13.30x,7.5%
2026-08-11,RD-W84Y-ZS0Q,"20% Urea Foot Cream Roll On 50ml | 2% Lactic Acid, Olive Oil & Vitamin E | Non-Greasy Triple Action Moisturizer | Best Foot Cream for Cracked Heels |",Amazon,641,19230,879,4.57%,47,19693,30.72x,3.3%
2026-08-10,RD-W84Y-ZS0Q,"20% Urea Foot Cream Roll On 50ml | 2% Lactic Acid, Olive Oil & Vitamin E | Non-Greasy Triple Action Moisturizer | Best Foot Cream for Cracked Heels |",Flipkart,948,18960,780,4.11%,62,25978,27.40x,3.6%
2026-08-09,RD-W84Y-ZS0Q,"20% Urea Foot Cream Roll On 50ml | 2% Lactic Acid, Olive Oil & Vitamin E | Non-Greasy Triple Action Moisturizer | Best Foot Cream for Cracked Heels |",Meesho,1193,36983,1060,2.87%,121,50699,42.50x,2.4%
2026-08-08,RD-W84Y-ZS0Q,"20% Urea Foot Cream Roll On 50ml | 2% Lactic Acid, Olive Oil & Vitamin E | Non-Greasy Triple Action Moisturizer | Best Foot Cream for Cracked Heels |",Myntra,227,5448,156,2.86%,19,7961,35.07x,2.9%
2026-08-07,RD-W84Y-ZS0Q,"20% Urea Foot Cream Roll On 50ml | 2% Lactic Acid, Olive Oil & Vitamin E | Non-Greasy Triple Action Moisturizer | Best Foot Cream for Cracked Heels |",Own Website,895,30430,1304,4.29%,135,56565,63.20x,1.6%
2026-08-06,RD-W84Y-ZS0Q,"20% Urea Foot Cream Roll On 50ml | 2% Lactic Acid, Olive Oil & Vitamin E | Non-Greasy Triple Action Moisturizer | Best Foot Cream for Cracked Heels |",Amazon,644,13524,376,2.78%,52,21788,33.83x,3.0%
2026-08-05,RD-W84Y-ZS0Q,"20% Urea Foot Cream Roll On 50ml | 2% Lactic Acid, Olive Oil & Vitamin E | Non-Greasy Triple Action Moisturizer | Best Foot Cream for Cracked Heels |",Flipkart,963,24075,1222,5.08%,56,23464,24.37x,4.1%
2026-08-04,RD-W84Y-ZS0Q,"20% Urea Foot Cream Roll On 50ml | 2% Lactic Acid, Olive Oil & Vitamin E | Non-Greasy Triple Action Moisturizer | Best Foot Cream for Cracked Heels |",Meesho,934,26152,502,1.92%,69,28911,30.95x,3.2%
2026-08-03,RD-W84Y-ZS0Q,"20% Urea Foot Cream Roll On 50ml | 2% Lactic Acid, Olive Oil & Vitamin E | Non-Greasy Triple Action Moisturizer | Best Foot Cream for Cracked Heels |",Myntra,396,5940,285,4.80%,35,14665,37.03x,2.7%
2026-08-02,RD-W84Y-ZS0Q,"20% Urea Foot Cream Roll On 50ml | 2% Lactic Acid, Olive Oil & Vitamin E | Non-Greasy Triple Action Moisturizer | Best Foot Cream for Cracked Heels |",Own Website,696,18096,465,2.57%,19,7961,11.44x,8.7%
2026-08-01,RD-W84Y-ZS0Q,"20% Urea Foot Cream Roll On 50ml | 2% Lactic Acid, Olive Oil & Vitamin E | Non-Greasy Triple Action Moisturizer | Best Foot Cream for Cracked Heels |",Amazon,629,16354,885,5.41%,38,15922,25.31x,4.0%
2026-07-31,RD-W84Y-ZS0Q,"20% Urea Foot Cream Roll On 50ml | 2% Lactic Acid, Olive Oil & Vitamin E | Non-Greasy Triple Action Moisturizer | Best Foot Cream for Cracked Heels |",Flipkart,840,16800,333,1.98%,13,5447,6.48x,15.4%
2026-07-30,RD-W84Y-ZS0Q,"20% Urea Foot Cream Roll On 50ml | 2% Lactic Acid, Olive Oil & Vitamin E | Non-Greasy Triple Action Moisturizer | Best Foot Cream for Cracked Heels |",Meesho,816,26928,1279,4.75%,161,67459,82.67x,1.2%
2026-07-29,RD-W84Y-ZS0Q,"20% Urea Foot Cream Roll On 50ml | 2% Lactic Acid, Olive Oil & Vitamin E | Non-Greasy Triple Action Moisturizer | Best Foot Cream for Cracked Heels |",Myntra,914,30162,962,3.19%,84,35196,38.51x,2.6%
2026-07-28,RD-W84Y-ZS0Q,"20% Urea Foot Cream Roll On 50ml | 2% Lactic Acid, Olive Oil & Vitamin E | Non-Greasy Triple Action Moisturizer | Best Foot Cream for Cracked Heels |",Own Website,756,29484,1598,5.42%,223,93437,123.59x,0.8%
2026-08-11,Veqix SHAMPOO 3,Dhavath Anti Hair Fall Shampoo For Normal - Oily Hair (300 ml),Flipkart,1262,26502,1076,4.06%,134,56146,44.49x,2.2%
2026-08-10,Veqix SHAMPOO 3,Dhavath Anti Hair Fall Shampoo For Normal - Oily Hair (300 ml),Meesho,1159,34770,798,2.30%,117,49023,42.30x,2.4%
2026-08-09,Veqix SHAMPOO 3,Dhavath Anti Hair Fall Shampoo For Normal - Oily Hair (300 ml),Myntra,550,18700,955,5.11%,113,47347,86.09x,1.2%
2026-08-08,Veqix SHAMPOO 3,Dhavath Anti Hair Fall Shampoo For Normal - Oily Hair (300 ml),Own Website,274,4384,118,2.69%,18,7542,27.53x,3.6%
2026-08-07,Veqix SHAMPOO 3,Dhavath Anti Hair Fall Shampoo For Normal - Oily Hair (300 ml),Amazon,857,25710,456,1.77%,26,10894,12.71x,7.9%
2026-08-06,Veqix SHAMPOO 3,Dhavath Anti Hair Fall Shampoo For Normal - Oily Hair (300 ml),Flipkart,246,9102,256,2.81%,15,6285,25.55x,3.9%
2026-08-05,Veqix SHAMPOO 3,Dhavath Anti Hair Fall Shampoo For Normal - Oily Hair (300 ml),Meesho,331,5296,186,3.51%,15,6285,18.99x,5.3%
2026-08-04,Veqix SHAMPOO 3,Dhavath Anti Hair Fall Shampoo For Normal - Oily Hair (300 ml),Myntra,955,21965,1140,5.19%,119,49861,52.21x,1.9%
2026-08-03,Veqix SHAMPOO 3,Dhavath Anti Hair Fall Shampoo For Normal - Oily Hair (300 ml),Own Website,374,8602,463,5.38%,21,8799,23.53x,4.3%
2026-08-02,Veqix SHAMPOO 3,Dhavath Anti Hair Fall Shampoo For Normal - Oily Hair (300 ml),Amazon,669,13380,552,4.13%,66,27654,41.34x,2.4%
2026-08-01,Veqix SHAMPOO 3,Dhavath Anti Hair Fall Shampoo For Normal - Oily Hair (300 ml),Flipkart,1014,18252,778,4.26%,113,47347,46.69x,2.1%
2026-07-31,Veqix SHAMPOO 3,Dhavath Anti Hair Fall Shampoo For Normal - Oily Hair (300 ml),Meesho,796,14328,412,2.88%,14,5866,7.37x,13.6%
2026-07-30,Veqix SHAMPOO 3,Dhavath Anti Hair Fall Shampoo For Normal - Oily Hair (300 ml),Myntra,1255,48945,2170,4.43%,218,91342,72.78x,1.4%
2026-07-29,Veqix SHAMPOO 3,Dhavath Anti Hair Fall Shampoo For Normal - Oily Hair (300 ml),Own Website,727,15994,464,2.90%,56,23464,32.28x,3.1%
2026-07-28,Veqix SHAMPOO 3,Dhavath Anti Hair Fall Shampoo For Normal - Oily Hair (300 ml),Amazon,552,17664,592,3.35%,41,17179,31.12x,3.2%
2026-08-11,Hair Growth Combo V 4,Hair Growth Combo | Hair Fall Hair Oil | Hair Fall Shampoo | Hair Growth Serum | Hair Conditioner (4 Items in the set),Meesho,714,27846,1007,3.62%,82,34358,48.12x,2.1%
2026-08-10,Hair Growth Combo V 4,Hair Growth Combo | Hair Fall Hair Oil | Hair Fall Shampoo | Hair Growth Serum | Hair Conditioner (4 Items in the set),Myntra,698,16054,491,3.06%,48,20112,28.81x,3.5%
2026-08-09,Hair Growth Combo V 4,Hair Growth Combo | Hair Fall Hair Oil | Hair Fall Shampoo | Hair Growth Serum | Hair Conditioner (4 Items in the set),Own Website,1089,19602,542,2.77%,61,25559,23.47x,4.3%
2026-08-08,Hair Growth Combo V 4,Hair Growth Combo | Hair Fall Hair Oil | Hair Fall Shampoo | Hair Growth Serum | Hair Conditioner (4 Items in the set),Amazon,1076,30128,1475,4.90%,119,49861,46.34x,2.2%
2026-08-07,Hair Growth Combo V 4,Hair Growth Combo | Hair Fall Hair Oil | Hair Fall Shampoo | Hair Growth Serum | Hair Conditioner (4 Items in the set),Flipkart,1253,33831,857,2.53%,72,30168,24.08x,4.2%
2026-08-06,Hair Growth Combo V 4,Hair Growth Combo | Hair Fall Hair Oil | Hair Fall Shampoo | Hair Growth Serum | Hair Conditioner (4 Items in the set),Meesho,940,32900,1518,4.61%,117,49023,52.15x,1.9%
2026-08-05,Hair Growth Combo V 4,Hair Growth Combo | Hair Fall Hair Oil | Hair Fall Shampoo | Hair Growth Serum | Hair Conditioner (4 Items in the set),Myntra,385,8855,328,3.70%,44,18436,47.89x,2.1%
2026-08-04,Hair Growth Combo V 4,Hair Growth Combo | Hair Fall Hair Oil | Hair Fall Shampoo | Hair Growth Serum | Hair Conditioner (4 Items in the set),Own Website,249,9711,285,2.93%,22,9218,37.02x,2.7%
2026-08-03,Hair Growth Combo V 4,Hair Growth Combo | Hair Fall Hair Oil | Hair Fall Shampoo | Hair Growth Serum | Hair Conditioner (4 Items in the set),Amazon,1130,37290,1790,4.80%,61,25559,22.62x,4.4%
2026-08-02,Hair Growth Combo V 4,Hair Growth Combo | Hair Fall Hair Oil | Hair Fall Shampoo | Hair Growth Serum | Hair Conditioner (4 Items in the set),Flipkart,816,22848,1075,4.71%,152,63688,78.05x,1.3%
2026-08-01,Hair Growth Combo V 4,Hair Growth Combo | Hair Fall Hair Oil | Hair Fall Shampoo | Hair Growth Serum | Hair Conditioner (4 Items in the set),Meesho,1253,25060,404,1.61%,59,24721,19.73x,5.1%
2026-07-31,Hair Growth Combo V 4,Hair Growth Combo | Hair Fall Hair Oil | Hair Fall Shampoo | Hair Growth Serum | Hair Conditioner (4 Items in the set),Myntra,1089,29403,654,2.22%,63,26397,24.24x,4.1%
2026-07-30,Hair Growth Combo V 4,Hair Growth Combo | Hair Fall Hair Oil | Hair Fall Shampoo | Hair Growth Serum | Hair Conditioner (4 Items in the set),Own Website,1112,30024,837,2.79%,49,20531,18.46x,5.4%
2026-07-29,Hair Growth Combo V 4,Hair Growth Combo | Hair Fall Hair Oil | Hair Fall Shampoo | Hair Growth Serum | Hair Conditioner (4 Items in the set),Amazon,395,14220,652,4.59%,96,40224,101.83x,1.0%
2026-07-28,Hair Growth Combo V 4,Hair Growth Combo | Hair Fall Hair Oil | Hair Fall Shampoo | Hair Growth Serum | Hair Conditioner (4 Items in the set),Flipkart,715,12155,430,3.54%,56,23464,32.82x,3.0%
2026-08-11,Rosemary V5 Combo,"Rosemary Hair Care Combo | Shampoo, Conditioner, Hair Oil, Hair Serum & Rosemary Water | Hair Growth, Strength & Anti-Frizz Treatment for All Hair Types",Myntra,1092,19656,446,2.27%,39,16341,14.96x,6.7%
2026-08-10,Rosemary V5 Combo,"Rosemary Hair Care Combo | Shampoo, Conditioner, Hair Oil, Hair Serum & Rosemary Water | Hair Growth, Strength & Anti-Frizz Treatment for All Hair Types",Own Website,242,5566,219,3.93%,24,10056,41.55x,2.4%
2026-08-09,Rosemary V5 Combo,"Rosemary Hair Care Combo | Shampoo, Conditioner, Hair Oil, Hair Serum & Rosemary Water | Hair Growth, Strength & Anti-Frizz Treatment for All Hair Types",Amazon,1176,30576,506,1.65%,41,17179,14.61x,6.8%
2026-08-08,Rosemary V5 Combo,"Rosemary Hair Care Combo | Shampoo, Conditioner, Hair Oil, Hair Serum & Rosemary Water | Hair Growth, Strength & Anti-Frizz Treatment for All Hair Types",Flipkart,660,19140,380,1.99%,40,16760,25.39x,3.9%
2026-08-07,Rosemary V5 Combo,"Rosemary Hair Care Combo | Shampoo, Conditioner, Hair Oil, Hair Serum & Rosemary Water | Hair Growth, Strength & Anti-Frizz Treatment for All Hair Types",Meesho,221,7293,245,3.36%,29,12151,54.98x,1.8%
2026-08-06,Rosemary V5 Combo,"Rosemary Hair Care Combo | Shampoo, Conditioner, Hair Oil, Hair Serum & Rosemary Water | Hair Growth, Strength & Anti-Frizz Treatment for All Hair Types",Myntra,1073,24679,1050,4.25%,74,31006,28.90x,3.5%
2026-08-05,Rosemary V5 Combo,"Rosemary Hair Care Combo | Shampoo, Conditioner, Hair Oil, Hair Serum & Rosemary Water | Hair Growth, Strength & Anti-Frizz Treatment for All Hair Types",Own Website,321,11235,377,3.36%,50,20950,65.26x,1.5%
2026-08-04,Rosemary V5 Combo,"Rosemary Hair Care Combo | Shampoo, Conditioner, Hair Oil, Hair Serum & Rosemary Water | Hair Growth, Strength & Anti-Frizz Treatment for All Hair Types",Amazon,669,18732,626,3.34%,88,36872,55.12x,1.8%
2026-08-03,Rosemary V5 Combo,"Rosemary Hair Care Combo | Shampoo, Conditioner, Hair Oil, Hair Serum & Rosemary Water | Hair Growth, Strength & Anti-Frizz Treatment for All Hair Types",Flipkart,847,18634,723,3.88%,63,26397,31.17x,3.2%
2026-08-02,Rosemary V5 Combo,"Rosemary Hair Care Combo | Shampoo, Conditioner, Hair Oil, Hair Serum & Rosemary Water | Hair Growth, Strength & Anti-Frizz Treatment for All Hair Types",Meesho,732,21960,543,2.47%,26,10894,14.88x,6.7%
2026-08-01,Rosemary V5 Combo,"Rosemary Hair Care Combo | Shampoo, Conditioner, Hair Oil, Hair Serum & Rosemary Water | Hair Growth, Strength & Anti-Frizz Treatment for All Hair Types",Myntra,650,24050,1262,5.25%,130,54470,83.80x,1.2%
2026-07-31,Rosemary V5 Combo,"Rosemary Hair Care Combo | Shampoo, Conditioner, Hair Oil, Hair Serum & Rosemary Water | Hair Growth, Strength & Anti-Frizz Treatment for All Hair Types",Own Website,191,4966,225,4.53%,9,3771,19.74x,5.1%
2026-07-30,Rosemary V5 Combo,"Rosemary Hair Care Combo | Shampoo, Conditioner, Hair Oil, Hair Serum & Rosemary Water | Hair Growth, Strength & Anti-Frizz Treatment for All Hair Types",Amazon,1292,43928,1545,3.52%,190,79610,61.62x,1.6%
2026-07-29,Rosemary V5 Combo,"Rosemary Hair Care Combo | Shampoo, Conditioner, Hair Oil, Hair Serum & Rosemary Water | Hair Growth, Strength & Anti-Frizz Treatment for All Hair Types",Flipkart,707,26159,1181,4.51%,42,17598,24.89x,4.0%
2026-07-28,Rosemary V5 Combo,"Rosemary Hair Care Combo | Shampoo, Conditioner, Hair Oil, Hair Serum & Rosemary Water | Hair Growth, Strength & Anti-Frizz Treatment for All Hair Types",Meesho,853,29855,575,1.93%,61,25559,29.96x,3.3%
2026-08-11,VQ-Hair-Removal-Sprey-100ml,Hair Removal Spray for Men and Women | Spray (100 ml),Own Website,522,14094,358,2.54%,47,19693,37.73x,2.7%
2026-08-10,VQ-Hair-Removal-Sprey-100ml,Hair Removal Spray for Men and Women | Spray (100 ml),Amazon,273,8463,386,4.56%,19,7961,29.16x,3.4%
2026-08-09,VQ-Hair-Removal-Sprey-100ml,Hair Removal Spray for Men and Women | Spray (100 ml),Flipkart,387,11610,496,4.27%,55,23045,59.55x,1.7%
2026-08-08,VQ-Hair-Removal-Sprey-100ml,Hair Removal Spray for Men and Women | Spray (100 ml),Meesho,319,10846,582,5.37%,74,31006,97.20x,1.0%
2026-08-07,VQ-Hair-Removal-Sprey-100ml,Hair Removal Spray for Men and Women | Spray (100 ml),Myntra,878,34242,1383,4.04%,125,52375,59.65x,1.7%
2026-08-06,VQ-Hair-Removal-Sprey-100ml,Hair Removal Spray for Men and Women | Spray (100 ml),Own Website,1271,31775,1669,5.25%,116,48604,38.24x,2.6%
2026-08-05,VQ-Hair-Removal-Sprey-100ml,Hair Removal Spray for Men and Women | Spray (100 ml),Amazon,239,4063,114,2.81%,15,6285,26.30x,3.8%
2026-08-04,VQ-Hair-Removal-Sprey-100ml,Hair Removal Spray for Men and Women | Spray (100 ml),Flipkart,528,7920,178,2.25%,6,2514,4.76x,21.0%
2026-08-03,VQ-Hair-Removal-Sprey-100ml,Hair Removal Spray for Men and Women | Spray (100 ml),Meesho,1254,43890,2017,4.60%,253,106007,84.54x,1.2%
2026-08-02,VQ-Hair-Removal-Sprey-100ml,Hair Removal Spray for Men and Women | Spray (100 ml),Myntra,356,11036,539,4.88%,67,28073,78.86x,1.3%
2026-08-01,VQ-Hair-Removal-Sprey-100ml,Hair Removal Spray for Men and Women | Spray (100 ml),Own Website,920,26680,711,2.66%,45,18855,20.49x,4.9%
2026-07-31,VQ-Hair-Removal-Sprey-100ml,Hair Removal Spray for Men and Women | Spray (100 ml),Amazon,1211,39963,2174,5.44%,225,94275,77.85x,1.3%
2026-07-30,VQ-Hair-Removal-Sprey-100ml,Hair Removal Spray for Men and Women | Spray (100 ml),Flipkart,1232,27104,1449,5.35%,76,31844,25.85x,3.9%
2026-07-29,VQ-Hair-Removal-Sprey-100ml,Hair Removal Spray for Men and Women | Spray (100 ml),Meesho,1323,23814,854,3.59%,107,44833,33.89x,3.0%
2026-07-28,VQ-Hair-Removal-Sprey-100ml,Hair Removal Spray for Men and Women | Spray (100 ml),Myntra,300,4800,98,2.04%,11,4609,15.36x,6.5%
2026-08-11,ros hair oil+dha shampoo+dhav con,Hair Oil with Dhavath Shampoo & Dhavath Conditioner,Amazon,1225,36750,1513,4.12%,63,26397,21.55x,4.6%
2026-08-10,ros hair oil+dha shampoo+dhav con,Hair Oil with Dhavath Shampoo & Dhavath Conditioner,Flipkart,1020,17340,665,3.84%,36,15084,14.79x,6.8%
2026-08-09,ros hair oil+dha shampoo+dhav con,Hair Oil with Dhavath Shampoo & Dhavath Conditioner,Meesho,1179,25938,1031,3.97%,136,56984,48.33x,2.1%
2026-08-08,ros hair oil+dha shampoo+dhav con,Hair Oil with Dhavath Shampoo & Dhavath Conditioner,Myntra,627,21318,1013,4.75%,32,13408,21.38x,4.7%
2026-08-07,ros hair oil+dha shampoo+dhav con,Hair Oil with Dhavath Shampoo & Dhavath Conditioner,Own Website,940,24440,482,1.97%,53,22207,23.62x,4.2%
2026-08-06,ros hair oil+dha shampoo+dhav con,Hair Oil with Dhavath Shampoo & Dhavath Conditioner,Amazon,168,3024,128,4.23%,17,7123,42.40x,2.4%
2026-08-05,ros hair oil+dha shampoo+dhav con,Hair Oil with Dhavath Shampoo & Dhavath Conditioner,Flipkart,1328,30544,1504,4.92%,84,35196,26.50x,3.8%
2026-08-04,ros hair oil+dha shampoo+dhav con,Hair Oil with Dhavath Shampoo & Dhavath Conditioner,Meesho,1110,35520,1135,3.20%,95,39805,35.86x,2.8%
2026-08-03,ros hair oil+dha shampoo+dhav con,Hair Oil with Dhavath Shampoo & Dhavath Conditioner,Myntra,204,7548,259,3.43%,37,15503,76.00x,1.3%
2026-08-02,ros hair oil+dha shampoo+dhav con,Hair Oil with Dhavath Shampoo & Dhavath Conditioner,Own Website,1078,32340,493,1.52%,21,8799,8.16x,12.3%
2026-08-01,ros hair oil+dha shampoo+dhav con,Hair Oil with Dhavath Shampoo & Dhavath Conditioner,Amazon,291,5529,96,1.74%,8,3352,11.52x,8.7%
2026-07-31,ros hair oil+dha shampoo+dhav con,Hair Oil with Dhavath Shampoo & Dhavath Conditioner,Flipkart,328,12136,307,2.53%,35,14665,44.71x,2.2%
2026-07-30,ros hair oil+dha shampoo+dhav con,Hair Oil with Dhavath Shampoo & Dhavath Conditioner,Meesho,497,12425,263,2.12%,22,9218,18.55x,5.4%
2026-07-29,ros hair oil+dha shampoo+dhav con,Hair Oil with Dhavath Shampoo & Dhavath Conditioner,Myntra,1282,24358,1204,4.94%,57,23883,18.63x,5.4%
2026-07-28,ros hair oil+dha shampoo+dhav con,Hair Oil with Dhavath Shampoo & Dhavath Conditioner,Own Website,180,2700,48,1.78%,4,1676,9.31x,10.7%
2026-08-11,VQ SERUM =3,Ayurvedic Vithan Pro Hair Serum for Hair Growth (90 ML),Flipkart,1246,34888,1048,3.00%,121,50699,40.69x,2.5%
2026-08-10,VQ SERUM =3,Ayurvedic Vithan Pro Hair Serum for Hair Growth (90 ML),Meesho,616,20328,1054,5.18%,71,29749,48.29x,2.1%
2026-08-09,VQ SERUM =3,Ayurvedic Vithan Pro Hair Serum for Hair Growth (90 ML),Myntra,891,31185,1419,4.55%,112,46928,52.67x,1.9%
2026-08-08,VQ SERUM =3,Ayurvedic Vithan Pro Hair Serum for Hair Growth (90 ML),Own Website,1062,21240,1062,5.00%,143,59917,56.42x,1.8%
2026-08-07,VQ SERUM =3,Ayurvedic Vithan Pro Hair Serum for Hair Growth (90 ML),Amazon,382,6494,168,2.59%,9,3771,9.87x,10.1%
2026-08-06,VQ SERUM =3,Ayurvedic Vithan Pro Hair Serum for Hair Growth (90 ML),Flipkart,796,25472,860,3.38%,29,12151,15.27x,6.6%
2026-08-05,VQ SERUM =3,Ayurvedic Vithan Pro Hair Serum for Hair Growth (90 ML),Meesho,640,16640,903,5.43%,130,54470,85.11x,1.2%
2026-08-04,VQ SERUM =3,Ayurvedic Vithan Pro Hair Serum for Hair Growth (90 ML),Myntra,1250,36250,747,2.06%,68,28492,22.79x,4.4%
2026-08-03,VQ SERUM =3,Ayurvedic Vithan Pro Hair Serum for Hair Growth (90 ML),Own Website,1124,43836,1864,4.25%,60,25140,22.37x,4.5%
2026-08-02,VQ SERUM =3,Ayurvedic Vithan Pro Hair Serum for Hair Growth (90 ML),Amazon,1236,33372,1339,4.01%,139,58241,47.12x,2.1%
2026-08-01,VQ SERUM =3,Ayurvedic Vithan Pro Hair Serum for Hair Growth (90 ML),Flipkart,537,18795,969,5.16%,122,51118,95.19x,1.1%
2026-07-31,VQ SERUM =3,Ayurvedic Vithan Pro Hair Serum for Hair Growth (90 ML),Meesho,467,13076,481,3.68%,52,21788,46.66x,2.1%
2026-07-30,VQ SERUM =3,Ayurvedic Vithan Pro Hair Serum for Hair Growth (90 ML),Myntra,1102,28652,1542,5.38%,100,41900,38.02x,2.6%
2026-07-29,VQ SERUM =3,Ayurvedic Vithan Pro Hair Serum for Hair Growth (90 ML),Own Website,1059,29652,1367,4.61%,45,18855,17.80x,5.6%
2026-07-28,VQ SERUM =3,Ayurvedic Vithan Pro Hair Serum for Hair Growth (90 ML),Amazon,871,30485,1417,4.65%,80,33520,38.48x,2.6%
2026-08-11,Shampoo + Serum,Dhavath Hair Fall Shampoo & Vithan Pro Hair Growth Serum  (2 Items in the set),Meesho,626,13772,465,3.38%,44,18436,29.45x,3.4%
2026-08-10,Shampoo + Serum,Dhavath Hair Fall Shampoo & Vithan Pro Hair Growth Serum  (2 Items in the set),Myntra,563,13512,669,4.95%,84,35196,62.52x,1.6%
2026-08-09,Shampoo + Serum,Dhavath Hair Fall Shampoo & Vithan Pro Hair Growth Serum  (2 Items in the set),Own Website,661,19830,1081,5.45%,59,24721,37.40x,2.7%
2026-08-08,Shampoo + Serum,Dhavath Hair Fall Shampoo & Vithan Pro Hair Growth Serum  (2 Items in the set),Amazon,318,6360,119,1.87%,10,4190,13.18x,7.6%
2026-08-07,Shampoo + Serum,Dhavath Hair Fall Shampoo & Vithan Pro Hair Growth Serum  (2 Items in the set),Flipkart,1091,41458,1644,3.97%,200,83800,76.81x,1.3%
2026-08-06,Shampoo + Serum,Dhavath Hair Fall Shampoo & Vithan Pro Hair Growth Serum  (2 Items in the set),Meesho,447,7152,298,4.17%,22,9218,20.62x,4.8%
2026-08-05,Shampoo + Serum,Dhavath Hair Fall Shampoo & Vithan Pro Hair Growth Serum  (2 Items in the set),Myntra,1184,43808,883,2.02%,99,41481,35.03x,2.9%
2026-08-04,Shampoo + Serum,Dhavath Hair Fall Shampoo & Vithan Pro Hair Growth Serum  (2 Items in the set),Own Website,744,25296,1252,4.95%,88,36872,49.56x,2.0%
2026-08-03,Shampoo + Serum,Dhavath Hair Fall Shampoo & Vithan Pro Hair Growth Serum  (2 Items in the set),Amazon,1004,38152,1693,4.44%,251,105169,104.75x,1.0%
2026-08-02,Shampoo + Serum,Dhavath Hair Fall Shampoo & Vithan Pro Hair Growth Serum  (2 Items in the set),Flipkart,1098,21960,795,3.62%,59,24721,22.51x,4.4%
2026-08-01,Shampoo + Serum,Dhavath Hair Fall Shampoo & Vithan Pro Hair Growth Serum  (2 Items in the set),Meesho,898,29634,1478,4.99%,121,50699,56.46x,1.8%
2026-07-31,Shampoo + Serum,Dhavath Hair Fall Shampoo & Vithan Pro Hair Growth Serum  (2 Items in the set),Myntra,428,9844,244,2.48%,34,14246,33.29x,3.0%
2026-07-30,Shampoo + Serum,Dhavath Hair Fall Shampoo & Vithan Pro Hair Growth Serum  (2 Items in the set),Own Website,504,8568,244,2.85%,16,6704,13.30x,7.5%
2026-07-29,Shampoo + Serum,Dhavath Hair Fall Shampoo & Vithan Pro Hair Growth Serum  (2 Items in the set),Amazon,1271,27962,1528,5.46%,100,41900,32.97x,3.0%
2026-07-28,Shampoo + Serum,Dhavath Hair Fall Shampoo & Vithan Pro Hair Growth Serum  (2 Items in the set),Flipkart,253,3795,158,4.16%,7,2933,11.59x,8.6%
2026-08-11,Shampoo+Dhavath con+rosemary hair oil,Anti-Hairfall Shampoo with Dhavath Nourishing Conditioner & Rosemary Hair Oil,Myntra,1245,32370,1357,4.19%,65,27235,21.88x,4.6%
2026-08-10,Shampoo+Dhavath con+rosemary hair oil,Anti-Hairfall Shampoo with Dhavath Nourishing Conditioner & Rosemary Hair Oil,Own Website,319,7337,177,2.41%,23,9637,30.21x,3.3%
2026-08-09,Shampoo+Dhavath con+rosemary hair oil,Anti-Hairfall Shampoo with Dhavath Nourishing Conditioner & Rosemary Hair Oil,Amazon,1073,30044,1304,4.34%,169,70811,65.99x,1.5%
2026-08-08,Shampoo+Dhavath con+rosemary hair oil,Anti-Hairfall Shampoo with Dhavath Nourishing Conditioner & Rosemary Hair Oil,Flipkart,506,12144,272,2.24%,28,11732,23.19x,4.3%
2026-08-07,Shampoo+Dhavath con+rosemary hair oil,Anti-Hairfall Shampoo with Dhavath Nourishing Conditioner & Rosemary Hair Oil,Meesho,880,20240,1106,5.46%,44,18436,20.95x,4.8%
2026-08-06,Shampoo+Dhavath con+rosemary hair oil,Anti-Hairfall Shampoo with Dhavath Nourishing Conditioner & Rosemary Hair Oil,Myntra,603,19899,590,2.96%,48,20112,33.35x,3.0%
2026-08-05,Shampoo+Dhavath con+rosemary hair oil,Anti-Hairfall Shampoo with Dhavath Nourishing Conditioner & Rosemary Hair Oil,Own Website,873,21825,573,2.63%,24,10056,11.52x,8.7%
2026-08-04,Shampoo+Dhavath con+rosemary hair oil,Anti-Hairfall Shampoo with Dhavath Nourishing Conditioner & Rosemary Hair Oil,Amazon,1246,46102,1618,3.51%,210,87990,70.62x,1.4%
2026-08-03,Shampoo+Dhavath con+rosemary hair oil,Anti-Hairfall Shampoo with Dhavath Nourishing Conditioner & Rosemary Hair Oil,Flipkart,1164,23280,1253,5.38%,116,48604,41.76x,2.4%
2026-08-02,Shampoo+Dhavath con+rosemary hair oil,Anti-Hairfall Shampoo with Dhavath Nourishing Conditioner & Rosemary Hair Oil,Meesho,872,27032,1304,4.82%,180,75420,86.49x,1.2%
2026-08-01,Shampoo+Dhavath con+rosemary hair oil,Anti-Hairfall Shampoo with Dhavath Nourishing Conditioner & Rosemary Hair Oil,Myntra,803,22484,828,3.68%,62,25978,32.35x,3.1%
2026-07-31,Shampoo+Dhavath con+rosemary hair oil,Anti-Hairfall Shampoo with Dhavath Nourishing Conditioner & Rosemary Hair Oil,Own Website,553,8295,214,2.58%,30,12570,22.73x,4.4%
2026-07-30,Shampoo+Dhavath con+rosemary hair oil,Anti-Hairfall Shampoo with Dhavath Nourishing Conditioner & Rosemary Hair Oil,Amazon,1305,46980,761,1.62%,71,29749,22.80x,4.4%
2026-07-29,Shampoo+Dhavath con+rosemary hair oil,Anti-Hairfall Shampoo with Dhavath Nourishing Conditioner & Rosemary Hair Oil,Flipkart,1163,27912,848,3.04%,46,19274,16.57x,6.0%
2026-07-28,Shampoo+Dhavath con+rosemary hair oil,Anti-Hairfall Shampoo with Dhavath Nourishing Conditioner & Rosemary Hair Oil,Meesho,976,17568,445,2.53%,16,6704,6.87x,14.6%
2026-08-11,Rosemary Shampoo,Hair Growth Shampoo For Normal & Oily Hair,Own Website,561,18513,579,3.13%,70,29330,52.28x,1.9%
2026-08-10,Rosemary Shampoo,Hair Growth Shampoo For Normal & Oily Hair,Amazon,348,5568,271,4.87%,16,6704,19.26x,5.2%
2026-08-09,Rosemary Shampoo,Hair Growth Shampoo For Normal & Oily Hair,Flipkart,276,5520,213,3.86%,9,3771,13.66x,7.3%
2026-08-08,Rosemary Shampoo,Hair Growth Shampoo For Normal & Oily Hair,Meesho,595,8925,273,3.06%,26,10894,18.31x,5.5%
2026-08-07,Rosemary Shampoo,Hair Growth Shampoo For Normal & Oily Hair,Myntra,1026,30780,1203,3.91%,58,24302,23.69x,4.2%
2026-08-06,Rosemary Shampoo,Hair Growth Shampoo For Normal & Oily Hair,Own Website,1032,31992,1349,4.22%,173,72487,70.24x,1.4%
2026-08-05,Rosemary Shampoo,Hair Growth Shampoo For Normal & Oily Hair,Amazon,1258,26418,811,3.07%,32,13408,10.66x,9.4%
2026-08-04,Rosemary Shampoo,Hair Growth Shampoo For Normal & Oily Hair,Flipkart,422,16036,498,3.11%,60,25140,59.57x,1.7%
2026-08-03,Rosemary Shampoo,Hair Growth Shampoo For Normal & Oily Hair,Meesho,208,3120,108,3.46%,10,4190,20.14x,5.0%
2026-08-02,Rosemary Shampoo,Hair Growth Shampoo For Normal & Oily Hair,Myntra,686,21266,1013,4.76%,48,20112,29.32x,3.4%
2026-08-01,Rosemary Shampoo,Hair Growth Shampoo For Normal & Oily Hair,Own Website,1273,36917,582,1.58%,42,17598,13.82x,7.2%
2026-07-31,Rosemary Shampoo,Hair Growth Shampoo For Normal & Oily Hair,Amazon,921,33156,1158,3.49%,173,72487,78.70x,1.3%
2026-07-30,Rosemary Shampoo,Hair Growth Shampoo For Normal & Oily Hair,Flipkart,179,3043,141,4.63%,21,8799,49.16x,2.0%
2026-07-29,Rosemary Shampoo,Hair Growth Shampoo For Normal & Oily Hair,Meesho,573,16044,634,3.95%,48,20112,35.10x,2.8%
2026-07-28,Rosemary Shampoo,Hair Growth Shampoo For Normal & Oily Hair,Myntra,761,20547,1047,5.10%,145,60755,79.84x,1.3%
2026-08-11,Shampoo+Hair Oil+Serum,Hair Growth Combo | Hair Fall Hair Oil | Hair Fall Shampoo | Hair Growth Serum  (3 Items in the set),Amazon,886,25694,1175,4.57%,141,59079,66.68x,1.5%
2026-08-10,Shampoo+Hair Oil+Serum,Hair Growth Combo | Hair Fall Hair Oil | Hair Fall Shampoo | Hair Growth Serum  (3 Items in the set),Flipkart,1174,44612,981,2.20%,96,40224,34.26x,2.9%
2026-08-09,Shampoo+Hair Oil+Serum,Hair Growth Combo | Hair Fall Hair Oil | Hair Fall Shampoo | Hair Growth Serum  (3 Items in the set),Meesho,1225,46550,734,1.58%,27,11313,9.24x,10.8%
2026-08-08,Shampoo+Hair Oil+Serum,Hair Growth Combo | Hair Fall Hair Oil | Hair Fall Shampoo | Hair Growth Serum  (3 Items in the set),Myntra,312,10296,554,5.38%,21,8799,28.20x,3.5%
2026-08-07,Shampoo+Hair Oil+Serum,Hair Growth Combo | Hair Fall Hair Oil | Hair Fall Shampoo | Hair Growth Serum  (3 Items in the set),Own Website,976,29280,1433,4.89%,204,85476,87.58x,1.1%
2026-08-06,Shampoo+Hair Oil+Serum,Hair Growth Combo | Hair Fall Hair Oil | Hair Fall Shampoo | Hair Growth Serum  (3 Items in the set),Amazon,220,6600,178,2.70%,18,7542,34.28x,2.9%
2026-08-05,Shampoo+Hair Oil+Serum,Hair Growth Combo | Hair Fall Hair Oil | Hair Fall Shampoo | Hair Growth Serum  (3 Items in the set),Flipkart,837,14229,389,2.73%,59,24721,29.54x,3.4%
2026-08-04,Shampoo+Hair Oil+Serum,Hair Growth Combo | Hair Fall Hair Oil | Hair Fall Shampoo | Hair Growth Serum  (3 Items in the set),Meesho,892,17840,390,2.19%,21,8799,9.86x,10.1%
2026-08-03,Shampoo+Hair Oil+Serum,Hair Growth Combo | Hair Fall Hair Oil | Hair Fall Shampoo | Hair Growth Serum  (3 Items in the set),Myntra,1119,19023,458,2.41%,36,15084,13.48x,7.4%
2026-08-02,Shampoo+Hair Oil+Serum,Hair Growth Combo | Hair Fall Hair Oil | Hair Fall Shampoo | Hair Growth Serum  (3 Items in the set),Own Website,779,17917,948,5.29%,31,12989,16.67x,6.0%
2026-08-01,Shampoo+Hair Oil+Serum,Hair Growth Combo | Hair Fall Hair Oil | Hair Fall Shampoo | Hair Growth Serum  (3 Items in the set),Amazon,507,9633,391,4.06%,21,8799,17.36x,5.8%
2026-07-31,Shampoo+Hair Oil+Serum,Hair Growth Combo | Hair Fall Hair Oil | Hair Fall Shampoo | Hair Growth Serum  (3 Items in the set),Flipkart,986,19720,601,3.05%,24,10056,10.20x,9.8%
2026-07-30,Shampoo+Hair Oil+Serum,Hair Growth Combo | Hair Fall Hair Oil | Hair Fall Shampoo | Hair Growth Serum  (3 Items in the set),Meesho,437,14421,700,4.85%,78,32682,74.79x,1.3%
2026-07-29,Shampoo+Hair Oil+Serum,Hair Growth Combo | Hair Fall Hair Oil | Hair Fall Shampoo | Hair Growth Serum  (3 Items in the set),Myntra,1096,39456,1519,3.85%,71,29749,27.14x,3.7%
2026-07-28,Shampoo+Hair Oil+Serum,Hair Growth Combo | Hair Fall Hair Oil | Hair Fall Shampoo | Hair Growth Serum  (3 Items in the set),Own Website,708,14160,599,4.23%,51,21369,30.18x,3.3%
2026-08-11,Rosemary Hair Oil + Dhavath Conditioner,Hair Oil with Dhavath Conditioner & Rosemary Water,Flipkart,951,35187,1142,3.25%,140,58660,61.68x,1.6%
2026-08-10,Rosemary Hair Oil + Dhavath Conditioner,Hair Oil with Dhavath Conditioner & Rosemary Water,Meesho,524,16768,920,5.49%,67,28073,53.57x,1.9%
2026-08-09,Rosemary Hair Oil + Dhavath Conditioner,Hair Oil with Dhavath Conditioner & Rosemary Water,Myntra,617,13574,241,1.78%,24,10056,16.30x,6.1%
2026-08-08,Rosemary Hair Oil + Dhavath Conditioner,Hair Oil with Dhavath Conditioner & Rosemary Water,Own Website,539,12397,207,1.67%,17,7123,13.22x,7.6%
2026-08-07,Rosemary Hair Oil + Dhavath Conditioner,Hair Oil with Dhavath Conditioner & Rosemary Water,Amazon,1265,18975,634,3.34%,60,25140,19.87x,5.0%
2026-08-06,Rosemary Hair Oil + Dhavath Conditioner,Hair Oil with Dhavath Conditioner & Rosemary Water,Flipkart,446,14718,528,3.59%,26,10894,24.43x,4.1%
2026-08-05,Rosemary Hair Oil + Dhavath Conditioner,Hair Oil with Dhavath Conditioner & Rosemary Water,Meesho,687,13053,346,2.65%,29,12151,17.69x,5.7%
2026-08-04,Rosemary Hair Oil + Dhavath Conditioner,Hair Oil with Dhavath Conditioner & Rosemary Water,Myntra,1235,35815,926,2.59%,67,28073,22.73x,4.4%
2026-08-03,Rosemary Hair Oil + Dhavath Conditioner,Hair Oil with Dhavath Conditioner & Rosemary Water,Own Website,811,12165,248,2.04%,23,9637,11.88x,8.4%
2026-08-02,Rosemary Hair Oil + Dhavath Conditioner,Hair Oil with Dhavath Conditioner & Rosemary Water,Amazon,658,17108,754,4.41%,100,41900,63.68x,1.6%
2026-08-01,Rosemary Hair Oil + Dhavath Conditioner,Hair Oil with Dhavath Conditioner & Rosemary Water,Flipkart,1280,39680,1397,3.52%,204,85476,66.78x,1.5%
2026-07-31,Rosemary Hair Oil + Dhavath Conditioner,Hair Oil with Dhavath Conditioner & Rosemary Water,Meesho,1039,39482,712,1.80%,86,36034,34.68x,2.9%
2026-07-30,Rosemary Hair Oil + Dhavath Conditioner,Hair Oil with Dhavath Conditioner & Rosemary Water,Myntra,1060,22260,1062,4.77%,94,39386,37.16x,2.7%
2026-07-29,Rosemary Hair Oil + Dhavath Conditioner,Hair Oil with Dhavath Conditioner & Rosemary Water,Own Website,607,16996,428,2.52%,15,6285,10.35x,9.7%
2026-07-28,Rosemary Hair Oil + Dhavath Conditioner,Hair Oil with Dhavath Conditioner & Rosemary Water,Amazon,901,27030,1419,5.25%,211,88409,98.12x,1.0%
2026-08-11,Veqix SHAMPOO 2,Dhavath Hair Fall & Hair Growth Shampoo For Normal - Oily Hair  (200 ml),Meesho,1117,18989,892,4.70%,126,52794,47.26x,2.1%
2026-08-10,Veqix SHAMPOO 2,Dhavath Hair Fall & Hair Growth Shampoo For Normal - Oily Hair  (200 ml),Myntra,792,23760,381,1.60%,51,21369,26.98x,3.7%
2026-08-09,Veqix SHAMPOO 2,Dhavath Hair Fall & Hair Growth Shampoo For Normal - Oily Hair  (200 ml),Own Website,619,11761,433,3.68%,23,9637,15.57x,6.4%
2026-08-08,Veqix SHAMPOO 2,Dhavath Hair Fall & Hair Growth Shampoo For Normal - Oily Hair  (200 ml),Amazon,201,6231,189,3.03%,19,7961,39.61x,2.5%
2026-08-07,Veqix SHAMPOO 2,Dhavath Hair Fall & Hair Growth Shampoo For Normal - Oily Hair  (200 ml),Flipkart,887,23949,421,1.76%,32,13408,15.12x,6.6%
2026-08-06,Veqix SHAMPOO 2,Dhavath Hair Fall & Hair Growth Shampoo For Normal - Oily Hair  (200 ml),Meesho,152,3040,126,4.14%,14,5866,38.59x,2.6%
2026-08-05,Veqix SHAMPOO 2,Dhavath Hair Fall & Hair Growth Shampoo For Normal - Oily Hair  (200 ml),Myntra,733,17592,728,4.14%,84,35196,48.02x,2.1%
2026-08-04,Veqix SHAMPOO 2,Dhavath Hair Fall & Hair Growth Shampoo For Normal - Oily Hair  (200 ml),Own Website,1258,26418,1365,5.17%,161,67459,53.62x,1.9%
2026-08-03,Veqix SHAMPOO 2,Dhavath Hair Fall & Hair Growth Shampoo For Normal - Oily Hair  (200 ml),Amazon,197,4334,114,2.63%,13,5447,27.65x,3.6%
2026-08-02,Veqix SHAMPOO 2,Dhavath Hair Fall & Hair Growth Shampoo For Normal - Oily Hair  (200 ml),Flipkart,217,8463,450,5.32%,32,13408,61.79x,1.6%
2026-08-01,Veqix SHAMPOO 2,Dhavath Hair Fall & Hair Growth Shampoo For Normal - Oily Hair  (200 ml),Meesho,581,19754,717,3.63%,85,35615,61.30x,1.6%
2026-07-31,Veqix SHAMPOO 2,Dhavath Hair Fall & Hair Growth Shampoo For Normal - Oily Hair  (200 ml),Myntra,392,12936,583,4.51%,75,31425,80.17x,1.2%
2026-07-30,Veqix SHAMPOO 2,Dhavath Hair Fall & Hair Growth Shampoo For Normal - Oily Hair  (200 ml),Own Website,1051,40989,1945,4.75%,292,122348,116.41x,0.9%
2026-07-29,Veqix SHAMPOO 2,Dhavath Hair Fall & Hair Growth Shampoo For Normal - Oily Hair  (200 ml),Amazon,494,13338,605,4.54%,33,13827,27.99x,3.6%
2026-07-28,Veqix SHAMPOO 2,Dhavath Hair Fall & Hair Growth Shampoo For Normal - Oily Hair  (200 ml),Flipkart,742,21518,1044,4.85%,127,53213,71.72x,1.4%
2026-08-11,Hibiscus V5 Combo,"Hibiscus Hair Care Combo | Shampoo, Conditioner, Hair Oil, Hair Serum & Hibiscus Water | Hair Growth, Strength & Anti-Frizz Treatment for All Hair Types",Myntra,1260,30240,820,2.71%,71,29749,23.61x,4.2%
2026-08-10,Hibiscus V5 Combo,"Hibiscus Hair Care Combo | Shampoo, Conditioner, Hair Oil, Hair Serum & Hibiscus Water | Hair Growth, Strength & Anti-Frizz Treatment for All Hair Types",Own Website,792,28512,1045,3.67%,72,30168,38.09x,2.6%
2026-08-09,Hibiscus V5 Combo,"Hibiscus Hair Care Combo | Shampoo, Conditioner, Hair Oil, Hair Serum & Hibiscus Water | Hair Growth, Strength & Anti-Frizz Treatment for All Hair Types",Amazon,694,27066,435,1.61%,29,12151,17.51x,5.7%
2026-08-08,Hibiscus V5 Combo,"Hibiscus Hair Care Combo | Shampoo, Conditioner, Hair Oil, Hair Serum & Hibiscus Water | Hair Growth, Strength & Anti-Frizz Treatment for All Hair Types",Flipkart,223,8251,413,5.01%,20,8380,37.58x,2.7%
2026-08-07,Hibiscus V5 Combo,"Hibiscus Hair Care Combo | Shampoo, Conditioner, Hair Oil, Hair Serum & Hibiscus Water | Hair Growth, Strength & Anti-Frizz Treatment for All Hair Types",Meesho,631,17668,920,5.21%,68,28492,45.15x,2.2%
2026-08-06,Hibiscus V5 Combo,"Hibiscus Hair Care Combo | Shampoo, Conditioner, Hair Oil, Hair Serum & Hibiscus Water | Hair Growth, Strength & Anti-Frizz Treatment for All Hair Types",Myntra,547,14222,674,4.74%,94,39386,72.00x,1.4%
2026-08-05,Hibiscus V5 Combo,"Hibiscus Hair Care Combo | Shampoo, Conditioner, Hair Oil, Hair Serum & Hibiscus Water | Hair Growth, Strength & Anti-Frizz Treatment for All Hair Types",Own Website,564,11844,502,4.24%,33,13827,24.52x,4.1%
2026-08-04,Hibiscus V5 Combo,"Hibiscus Hair Care Combo | Shampoo, Conditioner, Hair Oil, Hair Serum & Hibiscus Water | Hair Growth, Strength & Anti-Frizz Treatment for All Hair Types",Amazon,984,21648,601,2.78%,70,29330,29.81x,3.4%
2026-08-03,Hibiscus V5 Combo,"Hibiscus Hair Care Combo | Shampoo, Conditioner, Hair Oil, Hair Serum & Hibiscus Water | Hair Growth, Strength & Anti-Frizz Treatment for All Hair Types",Flipkart,988,33592,1344,4.00%,133,55727,56.40x,1.8%
2026-08-02,Hibiscus V5 Combo,"Hibiscus Hair Care Combo | Shampoo, Conditioner, Hair Oil, Hair Serum & Hibiscus Water | Hair Growth, Strength & Anti-Frizz Treatment for All Hair Types",Meesho,1055,32705,1794,5.49%,94,39386,37.33x,2.7%
2026-08-01,Hibiscus V5 Combo,"Hibiscus Hair Care Combo | Shampoo, Conditioner, Hair Oil, Hair Serum & Hibiscus Water | Hair Growth, Strength & Anti-Frizz Treatment for All Hair Types",Myntra,781,28897,989,3.42%,32,13408,17.17x,5.8%
2026-07-31,Hibiscus V5 Combo,"Hibiscus Hair Care Combo | Shampoo, Conditioner, Hair Oil, Hair Serum & Hibiscus Water | Hair Growth, Strength & Anti-Frizz Treatment for All Hair Types",Own Website,334,12358,245,1.98%,14,5866,17.56x,5.7%
2026-07-30,Hibiscus V5 Combo,"Hibiscus Hair Care Combo | Shampoo, Conditioner, Hair Oil, Hair Serum & Hibiscus Water | Hair Growth, Strength & Anti-Frizz Treatment for All Hair Types",Amazon,945,25515,1362,5.34%,182,76258,80.70x,1.2%
2026-07-29,Hibiscus V5 Combo,"Hibiscus Hair Care Combo | Shampoo, Conditioner, Hair Oil, Hair Serum & Hibiscus Water | Hair Growth, Strength & Anti-Frizz Treatment for All Hair Types",Flipkart,585,22815,359,1.57%,34,14246,24.35x,4.1%
2026-07-28,Hibiscus V5 Combo,"Hibiscus Hair Care Combo | Shampoo, Conditioner, Hair Oil, Hair Serum & Hibiscus Water | Hair Growth, Strength & Anti-Frizz Treatment for All Hair Types",Meesho,1174,45786,2042,4.46%,202,84638,72.09x,1.4%
2026-08-11,RM_Conditioner,"Hair Growth & Repair Conditioner | Natural Nourishment for Strong, Shiny Hair",Own Website,405,6885,312,4.53%,36,15084,37.24x,2.7%
2026-08-10,RM_Conditioner,"Hair Growth & Repair Conditioner | Natural Nourishment for Strong, Shiny Hair",Amazon,265,8745,378,4.32%,19,7961,30.04x,3.3%
2026-08-09,RM_Conditioner,"Hair Growth & Repair Conditioner | Natural Nourishment for Strong, Shiny Hair",Flipkart,780,29640,1228,4.14%,130,54470,69.83x,1.4%
2026-08-08,RM_Conditioner,"Hair Growth & Repair Conditioner | Natural Nourishment for Strong, Shiny Hair",Meesho,495,16335,489,2.99%,59,24721,49.94x,2.0%
2026-08-07,RM_Conditioner,"Hair Growth & Repair Conditioner | Natural Nourishment for Strong, Shiny Hair",Myntra,1009,37333,1855,4.97%,132,55308,54.81x,1.8%
2026-08-06,RM_Conditioner,"Hair Growth & Repair Conditioner | Natural Nourishment for Strong, Shiny Hair",Own Website,375,12375,327,2.64%,13,5447,14.53x,6.9%
2026-08-05,RM_Conditioner,"Hair Growth & Repair Conditioner | Natural Nourishment for Strong, Shiny Hair",Amazon,304,10336,435,4.21%,62,25978,85.45x,1.2%
2026-08-04,RM_Conditioner,"Hair Growth & Repair Conditioner | Natural Nourishment for Strong, Shiny Hair",Flipkart,1099,21980,356,1.62%,37,15503,14.11x,7.1%
2026-08-03,RM_Conditioner,"Hair Growth & Repair Conditioner | Natural Nourishment for Strong, Shiny Hair",Meesho,1208,38656,1255,3.25%,98,41062,33.99x,2.9%
2026-08-02,RM_Conditioner,"Hair Growth & Repair Conditioner | Natural Nourishment for Strong, Shiny Hair",Myntra,355,12780,259,2.03%,10,4190,11.80x,8.5%
2026-08-01,RM_Conditioner,"Hair Growth & Repair Conditioner | Natural Nourishment for Strong, Shiny Hair",Own Website,383,12256,523,4.27%,37,15503,40.48x,2.5%
2026-07-31,RM_Conditioner,"Hair Growth & Repair Conditioner | Natural Nourishment for Strong, Shiny Hair",Amazon,1050,18900,529,2.80%,49,20531,19.55x,5.1%
2026-07-30,RM_Conditioner,"Hair Growth & Repair Conditioner | Natural Nourishment for Strong, Shiny Hair",Flipkart,1158,27792,1411,5.08%,88,36872,31.84x,3.1%
2026-07-29,RM_Conditioner,"Hair Growth & Repair Conditioner | Natural Nourishment for Strong, Shiny Hair",Meesho,641,19871,664,3.34%,51,21369,33.34x,3.0%
2026-07-28,RM_Conditioner,"Hair Growth & Repair Conditioner | Natural Nourishment for Strong, Shiny Hair",Myntra,441,14553,599,4.12%,84,35196,79.81x,1.3%
2026-08-11,VQ-Neem-Conditioner-003,"Veqix Neem Anti-Dandruff Conditioner 200ml | Controls Dandruff & Frizz | Neem, Aloe Vera & Vitamin C Conditioner for Healthy Scalp & Smooth Hair",Amazon,1013,19247,341,1.77%,33,13827,13.65x,7.3%
2026-08-10,VQ-Neem-Conditioner-003,"Veqix Neem Anti-Dandruff Conditioner 200ml | Controls Dandruff & Frizz | Neem, Aloe Vera & Vitamin C Conditioner for Healthy Scalp & Smooth Hair",Flipkart,836,18392,573,3.12%,22,9218,11.03x,9.1%
2026-08-09,VQ-Neem-Conditioner-003,"Veqix Neem Anti-Dandruff Conditioner 200ml | Controls Dandruff & Frizz | Neem, Aloe Vera & Vitamin C Conditioner for Healthy Scalp & Smooth Hair",Meesho,765,29835,1515,5.08%,48,20112,26.29x,3.8%
2026-08-08,VQ-Neem-Conditioner-003,"Veqix Neem Anti-Dandruff Conditioner 200ml | Controls Dandruff & Frizz | Neem, Aloe Vera & Vitamin C Conditioner for Healthy Scalp & Smooth Hair",Myntra,731,11696,454,3.88%,64,26816,36.68x,2.7%
2026-08-07,VQ-Neem-Conditioner-003,"Veqix Neem Anti-Dandruff Conditioner 200ml | Controls Dandruff & Frizz | Neem, Aloe Vera & Vitamin C Conditioner for Healthy Scalp & Smooth Hair",Own Website,983,23592,449,1.90%,60,25140,25.57x,3.9%
2026-08-06,VQ-Neem-Conditioner-003,"Veqix Neem Anti-Dandruff Conditioner 200ml | Controls Dandruff & Frizz | Neem, Aloe Vera & Vitamin C Conditioner for Healthy Scalp & Smooth Hair",Amazon,744,19344,347,1.79%,51,21369,28.72x,3.5%
2026-08-05,VQ-Neem-Conditioner-003,"Veqix Neem Anti-Dandruff Conditioner 200ml | Controls Dandruff & Frizz | Neem, Aloe Vera & Vitamin C Conditioner for Healthy Scalp & Smooth Hair",Flipkart,348,8352,456,5.46%,50,20950,60.20x,1.7%
2026-08-04,VQ-Neem-Conditioner-003,"Veqix Neem Anti-Dandruff Conditioner 200ml | Controls Dandruff & Frizz | Neem, Aloe Vera & Vitamin C Conditioner for Healthy Scalp & Smooth Hair",Meesho,415,13280,205,1.54%,22,9218,22.21x,4.5%
2026-08-03,VQ-Neem-Conditioner-003,"Veqix Neem Anti-Dandruff Conditioner 200ml | Controls Dandruff & Frizz | Neem, Aloe Vera & Vitamin C Conditioner for Healthy Scalp & Smooth Hair",Myntra,1026,32832,1369,4.17%,55,23045,22.46x,4.5%
2026-08-02,VQ-Neem-Conditioner-003,"Veqix Neem Anti-Dandruff Conditioner 200ml | Controls Dandruff & Frizz | Neem, Aloe Vera & Vitamin C Conditioner for Healthy Scalp & Smooth Hair",Own Website,605,10285,176,1.71%,12,5028,8.31x,12.0%
2026-08-01,VQ-Neem-Conditioner-003,"Veqix Neem Anti-Dandruff Conditioner 200ml | Controls Dandruff & Frizz | Neem, Aloe Vera & Vitamin C Conditioner for Healthy Scalp & Smooth Hair",Amazon,1002,29058,477,1.64%,22,9218,9.20x,10.9%
2026-07-31,VQ-Neem-Conditioner-003,"Veqix Neem Anti-Dandruff Conditioner 200ml | Controls Dandruff & Frizz | Neem, Aloe Vera & Vitamin C Conditioner for Healthy Scalp & Smooth Hair",Flipkart,1043,27118,936,3.45%,64,26816,25.71x,3.9%
2026-07-30,VQ-Neem-Conditioner-003,"Veqix Neem Anti-Dandruff Conditioner 200ml | Controls Dandruff & Frizz | Neem, Aloe Vera & Vitamin C Conditioner for Healthy Scalp & Smooth Hair",Meesho,406,6902,234,3.39%,11,4609,11.35x,8.8%
2026-07-29,VQ-Neem-Conditioner-003,"Veqix Neem Anti-Dandruff Conditioner 200ml | Controls Dandruff & Frizz | Neem, Aloe Vera & Vitamin C Conditioner for Healthy Scalp & Smooth Hair",Myntra,859,30065,1385,4.61%,198,82962,96.58x,1.0%
2026-07-28,VQ-Neem-Conditioner-003,"Veqix Neem Anti-Dandruff Conditioner 200ml | Controls Dandruff & Frizz | Neem, Aloe Vera & Vitamin C Conditioner for Healthy Scalp & Smooth Hair",Own Website,954,27666,540,1.95%,32,13408,14.05x,7.1%
2026-08-11,Dhavath Shampoo - Dhavath Conditioner - Rosemary Water,Water with Dhavath Shampoo & Dhavath Conditioner,Flipkart,1339,22763,513,2.25%,63,26397,19.71x,5.1%
2026-08-10,Dhavath Shampoo - Dhavath Conditioner - Rosemary Water,Water with Dhavath Shampoo & Dhavath Conditioner,Meesho,226,3842,185,4.82%,19,7961,35.23x,2.8%
2026-08-09,Dhavath Shampoo - Dhavath Conditioner - Rosemary Water,Water with Dhavath Shampoo & Dhavath Conditioner,Myntra,696,11136,518,4.65%,76,31844,45.75x,2.2%
2026-08-08,Dhavath Shampoo - Dhavath Conditioner - Rosemary Water,Water with Dhavath Shampoo & Dhavath Conditioner,Own Website,774,29412,1537,5.23%,63,26397,34.10x,2.9%
2026-08-07,Dhavath Shampoo - Dhavath Conditioner - Rosemary Water,Water with Dhavath Shampoo & Dhavath Conditioner,Amazon,655,23580,1286,5.45%,186,77934,118.98x,0.8%
2026-08-06,Dhavath Shampoo - Dhavath Conditioner - Rosemary Water,Water with Dhavath Shampoo & Dhavath Conditioner,Flipkart,344,12040,400,3.32%,55,23045,66.99x,1.5%
2026-08-05,Dhavath Shampoo - Dhavath Conditioner - Rosemary Water,Water with Dhavath Shampoo & Dhavath Conditioner,Meesho,379,13265,545,4.11%,40,16760,44.22x,2.3%
2026-08-04,Dhavath Shampoo - Dhavath Conditioner - Rosemary Water,Water with Dhavath Shampoo & Dhavath Conditioner,Myntra,457,12796,256,2.00%,16,6704,14.67x,6.8%
2026-08-03,Dhavath Shampoo - Dhavath Conditioner - Rosemary Water,Water with Dhavath Shampoo & Dhavath Conditioner,Own Website,538,13988,508,3.63%,60,25140,46.73x,2.1%
2026-08-02,Dhavath Shampoo - Dhavath Conditioner - Rosemary Water,Water with Dhavath Shampoo & Dhavath Conditioner,Amazon,567,15876,516,3.25%,54,22626,39.90x,2.5%
2026-08-01,Dhavath Shampoo - Dhavath Conditioner - Rosemary Water,Water with Dhavath Shampoo & Dhavath Conditioner,Flipkart,717,22227,704,3.17%,61,25559,35.65x,2.8%
2026-07-31,Dhavath Shampoo - Dhavath Conditioner - Rosemary Water,Water with Dhavath Shampoo & Dhavath Conditioner,Meesho,1211,47229,2440,5.17%,216,90504,74.73x,1.3%
2026-07-30,Dhavath Shampoo - Dhavath Conditioner - Rosemary Water,Water with Dhavath Shampoo & Dhavath Conditioner,Myntra,291,10185,177,1.74%,11,4609,15.84x,6.3%
2026-07-29,Dhavath Shampoo - Dhavath Conditioner - Rosemary Water,Water with Dhavath Shampoo & Dhavath Conditioner,Own Website,1047,39786,1835,4.61%,245,102655,98.05x,1.0%
2026-07-28,Dhavath Shampoo - Dhavath Conditioner - Rosemary Water,Water with Dhavath Shampoo & Dhavath Conditioner,Amazon,917,28427,922,3.24%,54,22626,24.67x,4.1%
2026-08-11,VQ-Hibiscus-Conditioner-003,"Veqix Hibiscus Bond Repair Conditioner 200ml | Deep Repair & Frizz Control | Hibiscus Extract & Almond Oil Conditioner for Smooth, Strong Hair",Meesho,160,2720,123,4.52%,10,4190,26.19x,3.8%
2026-08-10,VQ-Hibiscus-Conditioner-003,"Veqix Hibiscus Bond Repair Conditioner 200ml | Deep Repair & Frizz Control | Hibiscus Extract & Almond Oil Conditioner for Smooth, Strong Hair",Myntra,1187,41545,1972,4.75%,233,97627,82.25x,1.2%
2026-08-09,VQ-Hibiscus-Conditioner-003,"Veqix Hibiscus Bond Repair Conditioner 200ml | Deep Repair & Frizz Control | Hibiscus Extract & Almond Oil Conditioner for Smooth, Strong Hair",Own Website,679,25123,883,3.51%,57,23883,35.17x,2.8%
2026-08-08,VQ-Hibiscus-Conditioner-003,"Veqix Hibiscus Bond Repair Conditioner 200ml | Deep Repair & Frizz Control | Hibiscus Extract & Almond Oil Conditioner for Smooth, Strong Hair",Amazon,321,10272,346,3.37%,17,7123,22.19x,4.5%
2026-08-07,VQ-Hibiscus-Conditioner-003,"Veqix Hibiscus Bond Repair Conditioner 200ml | Deep Repair & Frizz Control | Hibiscus Extract & Almond Oil Conditioner for Smooth, Strong Hair",Flipkart,840,24360,539,2.21%,66,27654,32.92x,3.0%
2026-08-06,VQ-Hibiscus-Conditioner-003,"Veqix Hibiscus Bond Repair Conditioner 200ml | Deep Repair & Frizz Control | Hibiscus Extract & Almond Oil Conditioner for Smooth, Strong Hair",Meesho,293,11427,298,2.61%,27,11313,38.61x,2.6%
2026-08-05,VQ-Hibiscus-Conditioner-003,"Veqix Hibiscus Bond Repair Conditioner 200ml | Deep Repair & Frizz Control | Hibiscus Extract & Almond Oil Conditioner for Smooth, Strong Hair",Myntra,687,23358,1233,5.28%,140,58660,85.39x,1.2%
2026-08-04,VQ-Hibiscus-Conditioner-003,"Veqix Hibiscus Bond Repair Conditioner 200ml | Deep Repair & Frizz Control | Hibiscus Extract & Almond Oil Conditioner for Smooth, Strong Hair",Own Website,997,14955,532,3.56%,62,25978,26.06x,3.8%
2026-08-03,VQ-Hibiscus-Conditioner-003,"Veqix Hibiscus Bond Repair Conditioner 200ml | Deep Repair & Frizz Control | Hibiscus Extract & Almond Oil Conditioner for Smooth, Strong Hair",Amazon,869,19987,687,3.44%,41,17179,19.77x,5.1%
2026-08-02,VQ-Hibiscus-Conditioner-003,"Veqix Hibiscus Bond Repair Conditioner 200ml | Deep Repair & Frizz Control | Hibiscus Extract & Almond Oil Conditioner for Smooth, Strong Hair",Flipkart,573,12033,486,4.04%,17,7123,12.43x,8.0%
2026-08-01,VQ-Hibiscus-Conditioner-003,"Veqix Hibiscus Bond Repair Conditioner 200ml | Deep Repair & Frizz Control | Hibiscus Extract & Almond Oil Conditioner for Smooth, Strong Hair",Meesho,876,29784,1237,4.15%,152,63688,72.70x,1.4%
2026-07-31,VQ-Hibiscus-Conditioner-003,"Veqix Hibiscus Bond Repair Conditioner 200ml | Deep Repair & Frizz Control | Hibiscus Extract & Almond Oil Conditioner for Smooth, Strong Hair",Myntra,258,4644,216,4.65%,26,10894,42.22x,2.4%
2026-07-30,VQ-Hibiscus-Conditioner-003,"Veqix Hibiscus Bond Repair Conditioner 200ml | Deep Repair & Frizz Control | Hibiscus Extract & Almond Oil Conditioner for Smooth, Strong Hair",Own Website,504,16128,636,3.94%,52,21788,43.23x,2.3%
2026-07-29,VQ-Hibiscus-Conditioner-003,"Veqix Hibiscus Bond Repair Conditioner 200ml | Deep Repair & Frizz Control | Hibiscus Extract & Almond Oil Conditioner for Smooth, Strong Hair",Amazon,1194,38208,1504,3.94%,225,94275,78.96x,1.3%
2026-07-28,VQ-Hibiscus-Conditioner-003,"Veqix Hibiscus Bond Repair Conditioner 200ml | Deep Repair & Frizz Control | Hibiscus Extract & Almond Oil Conditioner for Smooth, Strong Hair",Flipkart,1019,26494,1071,4.04%,39,16341,16.04x,6.2%
2026-08-11,VQ-Neem-Shampoo-003,Neem Anti-Dandruff Advanced Shampoo | Piractone Olamine & Pentavitin Paraben & Sulphate Free | For Men & Women | 200ml,Myntra,1201,33628,1479,4.40%,54,22626,18.84x,5.3%
2026-08-10,VQ-Neem-Shampoo-003,Neem Anti-Dandruff Advanced Shampoo | Piractone Olamine & Pentavitin Paraben & Sulphate Free | For Men & Women | 200ml,Own Website,408,10200,293,2.87%,17,7123,17.46x,5.7%
2026-08-09,VQ-Neem-Shampoo-003,Neem Anti-Dandruff Advanced Shampoo | Piractone Olamine & Pentavitin Paraben & Sulphate Free | For Men & Women | 200ml,Amazon,774,24768,1221,4.93%,116,48604,62.80x,1.6%
2026-08-08,VQ-Neem-Shampoo-003,Neem Anti-Dandruff Advanced Shampoo | Piractone Olamine & Pentavitin Paraben & Sulphate Free | For Men & Women | 200ml,Flipkart,354,10974,403,3.67%,42,17598,49.71x,2.0%
2026-08-07,VQ-Neem-Shampoo-003,Neem Anti-Dandruff Advanced Shampoo | Piractone Olamine & Pentavitin Paraben & Sulphate Free | For Men & Women | 200ml,Meesho,505,12120,477,3.94%,58,24302,48.12x,2.1%
2026-08-06,VQ-Neem-Shampoo-003,Neem Anti-Dandruff Advanced Shampoo | Piractone Olamine & Pentavitin Paraben & Sulphate Free | For Men & Women | 200ml,Myntra,351,8073,210,2.60%,21,8799,25.07x,4.0%
2026-08-05,VQ-Neem-Shampoo-003,Neem Anti-Dandruff Advanced Shampoo | Piractone Olamine & Pentavitin Paraben & Sulphate Free | For Men & Women | 200ml,Own Website,527,16864,554,3.29%,52,21788,41.34x,2.4%
2026-08-04,VQ-Neem-Shampoo-003,Neem Anti-Dandruff Advanced Shampoo | Piractone Olamine & Pentavitin Paraben & Sulphate Free | For Men & Women | 200ml,Amazon,1303,44302,1293,2.92%,145,60755,46.63x,2.1%
2026-08-03,VQ-Neem-Shampoo-003,Neem Anti-Dandruff Advanced Shampoo | Piractone Olamine & Pentavitin Paraben & Sulphate Free | For Men & Women | 200ml,Flipkart,497,12425,481,3.87%,58,24302,48.90x,2.0%
2026-08-02,VQ-Neem-Shampoo-003,Neem Anti-Dandruff Advanced Shampoo | Piractone Olamine & Pentavitin Paraben & Sulphate Free | For Men & Women | 200ml,Meesho,1115,20070,433,2.16%,39,16341,14.66x,6.8%
2026-08-01,VQ-Neem-Shampoo-003,Neem Anti-Dandruff Advanced Shampoo | Piractone Olamine & Pentavitin Paraben & Sulphate Free | For Men & Women | 200ml,Myntra,734,13212,384,2.91%,29,12151,16.55x,6.0%
2026-07-31,VQ-Neem-Shampoo-003,Neem Anti-Dandruff Advanced Shampoo | Piractone Olamine & Pentavitin Paraben & Sulphate Free | For Men & Women | 200ml,Own Website,316,12008,426,3.55%,24,10056,31.82x,3.1%
2026-07-30,VQ-Neem-Shampoo-003,Neem Anti-Dandruff Advanced Shampoo | Piractone Olamine & Pentavitin Paraben & Sulphate Free | For Men & Women | 200ml,Amazon,1044,37584,770,2.05%,78,32682,31.30x,3.2%
2026-07-29,VQ-Neem-Shampoo-003,Neem Anti-Dandruff Advanced Shampoo | Piractone Olamine & Pentavitin Paraben & Sulphate Free | For Men & Women | 200ml,Flipkart,471,9891,240,2.43%,34,14246,30.25x,3.3%
2026-07-28,VQ-Neem-Shampoo-003,Neem Anti-Dandruff Advanced Shampoo | Piractone Olamine & Pentavitin Paraben & Sulphate Free | For Men & Women | 200ml,Meesho,855,17100,916,5.36%,67,28073,32.83x,3.0%
2026-08-11,VQ-Flaxseed-Gel-01,veqix Flaxseed Gel (300 ml) | For Hair & Skin | Frizz-Control | Smoothening | Moisture Rich | Soft Long Hair,Own Website,1145,33205,1001,3.01%,104,43576,38.06x,2.6%
2026-08-10,VQ-Flaxseed-Gel-01,veqix Flaxseed Gel (300 ml) | For Hair & Skin | Frizz-Control | Smoothening | Moisture Rich | Soft Long Hair,Amazon,324,9072,305,3.36%,37,15503,47.85x,2.1%
2026-08-09,VQ-Flaxseed-Gel-01,veqix Flaxseed Gel (300 ml) | For Hair & Skin | Frizz-Control | Smoothening | Moisture Rich | Soft Long Hair,Flipkart,812,18676,407,2.18%,45,18855,23.22x,4.3%
2026-08-08,VQ-Flaxseed-Gel-01,veqix Flaxseed Gel (300 ml) | For Hair & Skin | Frizz-Control | Smoothening | Moisture Rich | Soft Long Hair,Meesho,446,9812,308,3.14%,20,8380,18.79x,5.3%
2026-08-07,VQ-Flaxseed-Gel-01,veqix Flaxseed Gel (300 ml) | For Hair & Skin | Frizz-Control | Smoothening | Moisture Rich | Soft Long Hair,Myntra,1157,25454,1195,4.69%,159,66621,57.58x,1.7%
2026-08-06,VQ-Flaxseed-Gel-01,veqix Flaxseed Gel (300 ml) | For Hair & Skin | Frizz-Control | Smoothening | Moisture Rich | Soft Long Hair,Own Website,1230,23370,449,1.92%,37,15503,12.60x,7.9%
2026-08-05,VQ-Flaxseed-Gel-01,veqix Flaxseed Gel (300 ml) | For Hair & Skin | Frizz-Control | Smoothening | Moisture Rich | Soft Long Hair,Amazon,563,8445,345,4.09%,29,12151,21.58x,4.6%
2026-08-04,VQ-Flaxseed-Gel-01,veqix Flaxseed Gel (300 ml) | For Hair & Skin | Frizz-Control | Smoothening | Moisture Rich | Soft Long Hair,Flipkart,775,18600,775,4.17%,77,32263,41.63x,2.4%
2026-08-03,VQ-Flaxseed-Gel-01,veqix Flaxseed Gel (300 ml) | For Hair & Skin | Frizz-Control | Smoothening | Moisture Rich | Soft Long Hair,Meesho,1216,19456,424,2.18%,56,23464,19.30x,5.2%
2026-08-02,VQ-Flaxseed-Gel-01,veqix Flaxseed Gel (300 ml) | For Hair & Skin | Frizz-Control | Smoothening | Moisture Rich | Soft Long Hair,Myntra,951,24726,990,4.00%,136,56984,59.92x,1.7%
2026-08-01,VQ-Flaxseed-Gel-01,veqix Flaxseed Gel (300 ml) | For Hair & Skin | Frizz-Control | Smoothening | Moisture Rich | Soft Long Hair,Own Website,921,34077,1196,3.51%,172,72068,78.25x,1.3%
2026-07-31,VQ-Flaxseed-Gel-01,veqix Flaxseed Gel (300 ml) | For Hair & Skin | Frizz-Control | Smoothening | Moisture Rich | Soft Long Hair,Amazon,984,34440,1496,4.34%,220,92180,93.68x,1.1%
2026-07-30,VQ-Flaxseed-Gel-01,veqix Flaxseed Gel (300 ml) | For Hair & Skin | Frizz-Control | Smoothening | Moisture Rich | Soft Long Hair,Flipkart,518,18648,987,5.29%,114,47766,92.21x,1.1%
2026-07-29,VQ-Flaxseed-Gel-01,veqix Flaxseed Gel (300 ml) | For Hair & Skin | Frizz-Control | Smoothening | Moisture Rich | Soft Long Hair,Meesho,1088,42432,1497,3.53%,200,83800,77.02x,1.3%
2026-07-28,VQ-Flaxseed-Gel-01,veqix Flaxseed Gel (300 ml) | For Hair & Skin | Frizz-Control | Smoothening | Moisture Rich | Soft Long Hair,Myntra,1025,16400,377,2.30%,13,5447,5.31x,18.8%
2026-08-11,Shampoo + Conditioner,Dhavath Hair Fall Shampoo & Vartha Hydrating No-Frizz Hair Conditioner  (2 Items in the set),Amazon,1198,39534,1392,3.52%,144,60336,50.36x,2.0%
2026-08-10,Shampoo + Conditioner,Dhavath Hair Fall Shampoo & Vartha Hydrating No-Frizz Hair Conditioner  (2 Items in the set),Flipkart,834,15846,837,5.28%,100,41900,50.24x,2.0%
2026-08-09,Shampoo + Conditioner,Dhavath Hair Fall Shampoo & Vartha Hydrating No-Frizz Hair Conditioner  (2 Items in the set),Meesho,902,25256,399,1.58%,34,14246,15.79x,6.3%
2026-08-08,Shampoo + Conditioner,Dhavath Hair Fall Shampoo & Vartha Hydrating No-Frizz Hair Conditioner  (2 Items in the set),Myntra,436,8720,151,1.73%,10,4190,9.61x,10.4%
2026-08-07,Shampoo + Conditioner,Dhavath Hair Fall Shampoo & Vartha Hydrating No-Frizz Hair Conditioner  (2 Items in the set),Own Website,435,14355,398,2.77%,24,10056,23.12x,4.3%
2026-08-06,Shampoo + Conditioner,Dhavath Hair Fall Shampoo & Vartha Hydrating No-Frizz Hair Conditioner  (2 Items in the set),Amazon,468,17784,782,4.40%,88,36872,78.79x,1.3%
2026-08-05,Shampoo + Conditioner,Dhavath Hair Fall Shampoo & Vartha Hydrating No-Frizz Hair Conditioner  (2 Items in the set),Flipkart,557,20052,371,1.85%,36,15084,27.08x,3.7%
2026-08-04,Shampoo + Conditioner,Dhavath Hair Fall Shampoo & Vartha Hydrating No-Frizz Hair Conditioner  (2 Items in the set),Meesho,466,15378,808,5.25%,93,38967,83.62x,1.2%
2026-08-03,Shampoo + Conditioner,Dhavath Hair Fall Shampoo & Vartha Hydrating No-Frizz Hair Conditioner  (2 Items in the set),Myntra,495,12870,407,3.16%,46,19274,38.94x,2.6%
2026-08-02,Shampoo + Conditioner,Dhavath Hair Fall Shampoo & Vartha Hydrating No-Frizz Hair Conditioner  (2 Items in the set),Own Website,823,30451,1652,5.43%,177,74163,90.11x,1.1%
2026-08-01,Shampoo + Conditioner,Dhavath Hair Fall Shampoo & Vartha Hydrating No-Frizz Hair Conditioner  (2 Items in the set),Amazon,1124,37092,778,2.10%,61,25559,22.74x,4.4%
2026-07-31,Shampoo + Conditioner,Dhavath Hair Fall Shampoo & Vartha Hydrating No-Frizz Hair Conditioner  (2 Items in the set),Flipkart,1223,30575,1630,5.33%,106,44414,36.32x,2.8%
2026-07-30,Shampoo + Conditioner,Dhavath Hair Fall Shampoo & Vartha Hydrating No-Frizz Hair Conditioner  (2 Items in the set),Meesho,232,9048,399,4.41%,15,6285,27.09x,3.7%
2026-07-29,Shampoo + Conditioner,Dhavath Hair Fall Shampoo & Vartha Hydrating No-Frizz Hair Conditioner  (2 Items in the set),Myntra,262,4978,132,2.65%,17,7123,27.19x,3.7%
2026-07-28,Shampoo + Conditioner,Dhavath Hair Fall Shampoo & Vartha Hydrating No-Frizz Hair Conditioner  (2 Items in the set),Own Website,1024,29696,864,2.91%,55,23045,22.50x,4.4%
2026-08-11,Shampoo + Conditioner - 001,"Veqix Hairfall Control Shampoo & Conditioner Combo with Aloe, Bhringraj & Rice Water for Strong Silky Hair 200ml",Flipkart,1066,37310,594,1.59%,24,10056,9.43x,10.6%
2026-08-10,Shampoo + Conditioner - 001,"Veqix Hairfall Control Shampoo & Conditioner Combo with Aloe, Bhringraj & Rice Water for Strong Silky Hair 200ml",Meesho,1348,43136,648,1.50%,89,37291,27.66x,3.6%
2026-08-09,Shampoo + Conditioner - 001,"Veqix Hairfall Control Shampoo & Conditioner Combo with Aloe, Bhringraj & Rice Water for Strong Silky Hair 200ml",Myntra,1004,39156,1308,3.34%,111,46509,46.32x,2.2%
2026-08-08,Shampoo + Conditioner - 001,"Veqix Hairfall Control Shampoo & Conditioner Combo with Aloe, Bhringraj & Rice Water for Strong Silky Hair 200ml",Own Website,342,12312,644,5.23%,43,18017,52.68x,1.9%
2026-08-07,Shampoo + Conditioner - 001,"Veqix Hairfall Control Shampoo & Conditioner Combo with Aloe, Bhringraj & Rice Water for Strong Silky Hair 200ml",Amazon,826,21476,869,4.05%,94,39386,47.68x,2.1%
2026-08-06,Shampoo + Conditioner - 001,"Veqix Hairfall Control Shampoo & Conditioner Combo with Aloe, Bhringraj & Rice Water for Strong Silky Hair 200ml",Flipkart,1148,21812,837,3.84%,103,43157,37.59x,2.7%
2026-08-05,Shampoo + Conditioner - 001,"Veqix Hairfall Control Shampoo & Conditioner Combo with Aloe, Bhringraj & Rice Water for Strong Silky Hair 200ml",Meesho,165,3465,94,2.71%,14,5866,35.55x,2.8%
2026-08-04,Shampoo + Conditioner - 001,"Veqix Hairfall Control Shampoo & Conditioner Combo with Aloe, Bhringraj & Rice Water for Strong Silky Hair 200ml",Myntra,1197,29925,1101,3.68%,114,47766,39.90x,2.5%
2026-08-03,Shampoo + Conditioner - 001,"Veqix Hairfall Control Shampoo & Conditioner Combo with Aloe, Bhringraj & Rice Water for Strong Silky Hair 200ml",Own Website,750,19500,546,2.80%,68,28492,37.99x,2.6%
2026-08-02,Shampoo + Conditioner - 001,"Veqix Hairfall Control Shampoo & Conditioner Combo with Aloe, Bhringraj & Rice Water for Strong Silky Hair 200ml",Amazon,290,10440,226,2.16%,12,5028,17.34x,5.8%
2026-08-01,Shampoo + Conditioner - 001,"Veqix Hairfall Control Shampoo & Conditioner Combo with Aloe, Bhringraj & Rice Water for Strong Silky Hair 200ml",Flipkart,1230,38130,1263,3.31%,125,52375,42.58x,2.3%
2026-07-31,Shampoo + Conditioner - 001,"Veqix Hairfall Control Shampoo & Conditioner Combo with Aloe, Bhringraj & Rice Water for Strong Silky Hair 200ml",Meesho,1109,42142,1932,4.58%,171,71649,64.61x,1.5%
2026-07-30,Shampoo + Conditioner - 001,"Veqix Hairfall Control Shampoo & Conditioner Combo with Aloe, Bhringraj & Rice Water for Strong Silky Hair 200ml",Myntra,330,6600,124,1.88%,7,2933,8.89x,11.3%
2026-07-29,Shampoo + Conditioner - 001,"Veqix Hairfall Control Shampoo & Conditioner Combo with Aloe, Bhringraj & Rice Water for Strong Silky Hair 200ml",Own Website,443,9303,322,3.46%,21,8799,19.86x,5.0%
2026-07-28,Shampoo + Conditioner - 001,"Veqix Hairfall Control Shampoo & Conditioner Combo with Aloe, Bhringraj & Rice Water for Strong Silky Hair 200ml",Amazon,1075,17200,355,2.06%,46,19274,17.93x,5.6%
2026-08-11,De-Tan Coffee BodyWash-5,"De-Tan Coffee Body Wash for Men & Women | Deep Cleansing & Tan Removal | Exfoliates Dead Skin, Boosts Glow & Smoothness | All Skin Types | 200ml |Pack of 5",Meesho,568,11360,376,3.31%,40,16760,29.51x,3.4%
2026-08-10,De-Tan Coffee BodyWash-5,"De-Tan Coffee Body Wash for Men & Women | Deep Cleansing & Tan Removal | Exfoliates Dead Skin, Boosts Glow & Smoothness | All Skin Types | 200ml |Pack of 5",Myntra,251,5773,154,2.67%,7,2933,11.69x,8.6%
2026-08-09,De-Tan Coffee BodyWash-5,"De-Tan Coffee Body Wash for Men & Women | Deep Cleansing & Tan Removal | Exfoliates Dead Skin, Boosts Glow & Smoothness | All Skin Types | 200ml |Pack of 5",Own Website,1225,44100,1083,2.46%,141,59079,48.23x,2.1%
2026-08-08,De-Tan Coffee BodyWash-5,"De-Tan Coffee Body Wash for Men & Women | Deep Cleansing & Tan Removal | Exfoliates Dead Skin, Boosts Glow & Smoothness | All Skin Types | 200ml |Pack of 5",Amazon,1204,30100,831,2.76%,67,28073,23.32x,4.3%
2026-08-07,De-Tan Coffee BodyWash-5,"De-Tan Coffee Body Wash for Men & Women | Deep Cleansing & Tan Removal | Exfoliates Dead Skin, Boosts Glow & Smoothness | All Skin Types | 200ml |Pack of 5",Flipkart,491,13748,275,2.00%,14,5866,11.95x,8.4%
2026-08-06,De-Tan Coffee BodyWash-5,"De-Tan Coffee Body Wash for Men & Women | Deep Cleansing & Tan Removal | Exfoliates Dead Skin, Boosts Glow & Smoothness | All Skin Types | 200ml |Pack of 5",Meesho,1334,26680,1075,4.03%,154,64526,48.37x,2.1%
2026-08-05,De-Tan Coffee BodyWash-5,"De-Tan Coffee Body Wash for Men & Women | Deep Cleansing & Tan Removal | Exfoliates Dead Skin, Boosts Glow & Smoothness | All Skin Types | 200ml |Pack of 5",Myntra,600,18000,308,1.71%,31,12989,21.65x,4.6%
2026-08-04,De-Tan Coffee BodyWash-5,"De-Tan Coffee Body Wash for Men & Women | Deep Cleansing & Tan Removal | Exfoliates Dead Skin, Boosts Glow & Smoothness | All Skin Types | 200ml |Pack of 5",Own Website,802,25664,1202,4.68%,105,43995,54.86x,1.8%
2026-08-03,De-Tan Coffee BodyWash-5,"De-Tan Coffee Body Wash for Men & Women | Deep Cleansing & Tan Removal | Exfoliates Dead Skin, Boosts Glow & Smoothness | All Skin Types | 200ml |Pack of 5",Amazon,906,32616,1412,4.33%,69,28911,31.91x,3.1%
2026-08-02,De-Tan Coffee BodyWash-5,"De-Tan Coffee Body Wash for Men & Women | Deep Cleansing & Tan Removal | Exfoliates Dead Skin, Boosts Glow & Smoothness | All Skin Types | 200ml |Pack of 5",Flipkart,832,20800,1048,5.04%,99,41481,49.86x,2.0%
2026-08-01,De-Tan Coffee BodyWash-5,"De-Tan Coffee Body Wash for Men & Women | Deep Cleansing & Tan Removal | Exfoliates Dead Skin, Boosts Glow & Smoothness | All Skin Types | 200ml |Pack of 5",Meesho,1130,21470,808,3.76%,74,31006,27.44x,3.6%
2026-07-31,De-Tan Coffee BodyWash-5,"De-Tan Coffee Body Wash for Men & Women | Deep Cleansing & Tan Removal | Exfoliates Dead Skin, Boosts Glow & Smoothness | All Skin Types | 200ml |Pack of 5",Myntra,1132,36224,1395,3.85%,205,85895,75.88x,1.3%
2026-07-30,De-Tan Coffee BodyWash-5,"De-Tan Coffee Body Wash for Men & Women | Deep Cleansing & Tan Removal | Exfoliates Dead Skin, Boosts Glow & Smoothness | All Skin Types | 200ml |Pack of 5",Own Website,316,5688,123,2.16%,17,7123,22.54x,4.4%
2026-07-29,De-Tan Coffee BodyWash-5,"De-Tan Coffee Body Wash for Men & Women | Deep Cleansing & Tan Removal | Exfoliates Dead Skin, Boosts Glow & Smoothness | All Skin Types | 200ml |Pack of 5",Amazon,371,5565,84,1.51%,11,4609,12.42x,8.0%
2026-07-28,De-Tan Coffee BodyWash-5,"De-Tan Coffee Body Wash for Men & Women | Deep Cleansing & Tan Removal | Exfoliates Dead Skin, Boosts Glow & Smoothness | All Skin Types | 200ml |Pack of 5",Flipkart,475,15675,375,2.39%,55,23045,48.52x,2.1%
2026-08-11,VQ-Rosemary-Water-003,"Rosemaryy Water Hair Spray | 100% Pure & Natural | Promotes Hair Growth, Reduces Hairfall & Strengthens Roots | Suitable for All Hair Types [ 100ML, PACK OF 3] hair lotion and tonic271",Myntra,572,22308,967,4.33%,72,30168,52.74x,1.9%
2026-08-10,VQ-Rosemary-Water-003,"Rosemaryy Water Hair Spray | 100% Pure & Natural | Promotes Hair Growth, Reduces Hairfall & Strengthens Roots | Suitable for All Hair Types [ 100ML, PACK OF 3] hair lotion and tonic271",Own Website,1088,41344,716,1.73%,33,13827,12.71x,7.9%
2026-08-09,VQ-Rosemary-Water-003,"Rosemaryy Water Hair Spray | 100% Pure & Natural | Promotes Hair Growth, Reduces Hairfall & Strengthens Roots | Suitable for All Hair Types [ 100ML, PACK OF 3] hair lotion and tonic271",Amazon,812,17052,433,2.54%,33,13827,17.03x,5.9%
2026-08-08,VQ-Rosemary-Water-003,"Rosemaryy Water Hair Spray | 100% Pure & Natural | Promotes Hair Growth, Reduces Hairfall & Strengthens Roots | Suitable for All Hair Types [ 100ML, PACK OF 3] hair lotion and tonic271",Flipkart,186,5022,100,1.99%,6,2514,13.52x,7.4%
2026-08-07,VQ-Rosemary-Water-003,"Rosemaryy Water Hair Spray | 100% Pure & Natural | Promotes Hair Growth, Reduces Hairfall & Strengthens Roots | Suitable for All Hair Types [ 100ML, PACK OF 3] hair lotion and tonic271",Meesho,968,15488,779,5.03%,27,11313,11.69x,8.6%
2026-08-06,VQ-Rosemary-Water-003,"Rosemaryy Water Hair Spray | 100% Pure & Natural | Promotes Hair Growth, Reduces Hairfall & Strengthens Roots | Suitable for All Hair Types [ 100ML, PACK OF 3] hair lotion and tonic271",Myntra,548,11508,210,1.82%,29,12151,22.17x,4.5%
2026-08-05,VQ-Rosemary-Water-003,"Rosemaryy Water Hair Spray | 100% Pure & Natural | Promotes Hair Growth, Reduces Hairfall & Strengthens Roots | Suitable for All Hair Types [ 100ML, PACK OF 3] hair lotion and tonic271",Own Website,819,21294,1043,4.90%,73,30587,37.35x,2.7%
2026-08-04,VQ-Rosemary-Water-003,"Rosemaryy Water Hair Spray | 100% Pure & Natural | Promotes Hair Growth, Reduces Hairfall & Strengthens Roots | Suitable for All Hair Types [ 100ML, PACK OF 3] hair lotion and tonic271",Amazon,1017,39663,1738,4.38%,105,43995,43.26x,2.3%
2026-08-03,VQ-Rosemary-Water-003,"Rosemaryy Water Hair Spray | 100% Pure & Natural | Promotes Hair Growth, Reduces Hairfall & Strengthens Roots | Suitable for All Hair Types [ 100ML, PACK OF 3] hair lotion and tonic271",Flipkart,1113,25599,558,2.18%,81,33939,30.49x,3.3%
2026-08-02,VQ-Rosemary-Water-003,"Rosemaryy Water Hair Spray | 100% Pure & Natural | Promotes Hair Growth, Reduces Hairfall & Strengthens Roots | Suitable for All Hair Types [ 100ML, PACK OF 3] hair lotion and tonic271",Meesho,230,7360,330,4.48%,19,7961,34.61x,2.9%
2026-08-01,VQ-Rosemary-Water-003,"Rosemaryy Water Hair Spray | 100% Pure & Natural | Promotes Hair Growth, Reduces Hairfall & Strengthens Roots | Suitable for All Hair Types [ 100ML, PACK OF 3] hair lotion and tonic271",Myntra,500,8000,433,5.41%,56,23464,46.93x,2.1%
2026-07-31,VQ-Rosemary-Water-003,"Rosemaryy Water Hair Spray | 100% Pure & Natural | Promotes Hair Growth, Reduces Hairfall & Strengthens Roots | Suitable for All Hair Types [ 100ML, PACK OF 3] hair lotion and tonic271",Own Website,667,24679,1263,5.12%,85,35615,53.40x,1.9%
2026-07-30,VQ-Rosemary-Water-003,"Rosemaryy Water Hair Spray | 100% Pure & Natural | Promotes Hair Growth, Reduces Hairfall & Strengthens Roots | Suitable for All Hair Types [ 100ML, PACK OF 3] hair lotion and tonic271",Amazon,699,25164,706,2.81%,53,22207,31.77x,3.1%
2026-07-29,VQ-Rosemary-Water-003,"Rosemaryy Water Hair Spray | 100% Pure & Natural | Promotes Hair Growth, Reduces Hairfall & Strengthens Roots | Suitable for All Hair Types [ 100ML, PACK OF 3] hair lotion and tonic271",Flipkart,910,24570,975,3.97%,119,49861,54.79x,1.8%
2026-07-28,VQ-Rosemary-Water-003,"Rosemaryy Water Hair Spray | 100% Pure & Natural | Promotes Hair Growth, Reduces Hairfall & Strengthens Roots | Suitable for All Hair Types [ 100ML, PACK OF 3] hair lotion and tonic271",Meesho,935,18700,908,4.86%,86,36034,38.54x,2.6%
2026-08-11,VQ-Hibiscus-Shampoo-003,"Veqix Hibiscus Bond Repair Shampoo 200ml | Strengthens Hair Bonds | Smooth, Frizz-Free & Damage Repair Shampoo with Hibiscus Extract & Rice Water",Own Website,642,10272,232,2.26%,17,7123,11.10x,9.0%
2026-08-10,VQ-Hibiscus-Shampoo-003,"Veqix Hibiscus Bond Repair Shampoo 200ml | Strengthens Hair Bonds | Smooth, Frizz-Free & Damage Repair Shampoo with Hibiscus Extract & Rice Water",Amazon,1320,35640,1861,5.22%,167,69973,53.01x,1.9%
2026-08-09,VQ-Hibiscus-Shampoo-003,"Veqix Hibiscus Bond Repair Shampoo 200ml | Strengthens Hair Bonds | Smooth, Frizz-Free & Damage Repair Shampoo with Hibiscus Extract & Rice Water",Flipkart,1342,25498,1269,4.98%,45,18855,14.05x,7.1%
2026-08-08,VQ-Hibiscus-Shampoo-003,"Veqix Hibiscus Bond Repair Shampoo 200ml | Strengthens Hair Bonds | Smooth, Frizz-Free & Damage Repair Shampoo with Hibiscus Extract & Rice Water",Meesho,415,7885,292,3.70%,12,5028,12.12x,8.3%
2026-08-07,VQ-Hibiscus-Shampoo-003,"Veqix Hibiscus Bond Repair Shampoo 200ml | Strengthens Hair Bonds | Smooth, Frizz-Free & Damage Repair Shampoo with Hibiscus Extract & Rice Water",Myntra,947,16099,531,3.30%,44,18436,19.47x,5.1%
2026-08-06,VQ-Hibiscus-Shampoo-003,"Veqix Hibiscus Bond Repair Shampoo 200ml | Strengthens Hair Bonds | Smooth, Frizz-Free & Damage Repair Shampoo with Hibiscus Extract & Rice Water",Own Website,204,6528,242,3.71%,20,8380,41.08x,2.4%
2026-08-05,VQ-Hibiscus-Shampoo-003,"Veqix Hibiscus Bond Repair Shampoo 200ml | Strengthens Hair Bonds | Smooth, Frizz-Free & Damage Repair Shampoo with Hibiscus Extract & Rice Water",Amazon,593,21941,748,3.41%,44,18436,31.09x,3.2%
2026-08-04,VQ-Hibiscus-Shampoo-003,"Veqix Hibiscus Bond Repair Shampoo 200ml | Strengthens Hair Bonds | Smooth, Frizz-Free & Damage Repair Shampoo with Hibiscus Extract & Rice Water",Flipkart,538,13450,347,2.58%,16,6704,12.46x,8.0%
2026-08-03,VQ-Hibiscus-Shampoo-003,"Veqix Hibiscus Bond Repair Shampoo 200ml | Strengthens Hair Bonds | Smooth, Frizz-Free & Damage Repair Shampoo with Hibiscus Extract & Rice Water",Meesho,360,11880,314,2.64%,47,19693,54.70x,1.8%
2026-08-02,VQ-Hibiscus-Shampoo-003,"Veqix Hibiscus Bond Repair Shampoo 200ml | Strengthens Hair Bonds | Smooth, Frizz-Free & Damage Repair Shampoo with Hibiscus Extract & Rice Water",Myntra,879,15822,839,5.30%,68,28492,32.41x,3.1%
2026-08-01,VQ-Hibiscus-Shampoo-003,"Veqix Hibiscus Bond Repair Shampoo 200ml | Strengthens Hair Bonds | Smooth, Frizz-Free & Damage Repair Shampoo with Hibiscus Extract & Rice Water",Own Website,440,15840,339,2.14%,43,18017,40.95x,2.4%
2026-07-31,VQ-Hibiscus-Shampoo-003,"Veqix Hibiscus Bond Repair Shampoo 200ml | Strengthens Hair Bonds | Smooth, Frizz-Free & Damage Repair Shampoo with Hibiscus Extract & Rice Water",Amazon,1020,37740,1636,4.33%,76,31844,31.22x,3.2%
2026-07-30,VQ-Hibiscus-Shampoo-003,"Veqix Hibiscus Bond Repair Shampoo 200ml | Strengthens Hair Bonds | Smooth, Frizz-Free & Damage Repair Shampoo with Hibiscus Extract & Rice Water",Flipkart,514,16962,687,4.05%,45,18855,36.68x,2.7%
2026-07-29,VQ-Hibiscus-Shampoo-003,"Veqix Hibiscus Bond Repair Shampoo 200ml | Strengthens Hair Bonds | Smooth, Frizz-Free & Damage Repair Shampoo with Hibiscus Extract & Rice Water",Meesho,815,30155,516,1.71%,62,25978,31.87x,3.1%
2026-07-28,VQ-Hibiscus-Shampoo-003,"Veqix Hibiscus Bond Repair Shampoo 200ml | Strengthens Hair Bonds | Smooth, Frizz-Free & Damage Repair Shampoo with Hibiscus Extract & Rice Water",Myntra,490,14700,801,5.45%,56,23464,47.89x,2.1%
2026-08-11,VQ-Kojic-Acid-Serum-Niacinamide-Acid-Serum,"Veqix Kojic Acid Face Serum (30ml) + Niacinamide Face Serum (30ml) Combo | Brightening, Dark Spot Reduction, Pore Minimizing & Oil Control Serums | For All Skin Types",Amazon,816,29376,1337,4.55%,47,19693,24.13x,4.1%
2026-08-10,VQ-Kojic-Acid-Serum-Niacinamide-Acid-Serum,"Veqix Kojic Acid Face Serum (30ml) + Niacinamide Face Serum (30ml) Combo | Brightening, Dark Spot Reduction, Pore Minimizing & Oil Control Serums | For All Skin Types",Flipkart,1314,19710,561,2.85%,73,30587,23.28x,4.3%
2026-08-09,VQ-Kojic-Acid-Serum-Niacinamide-Acid-Serum,"Veqix Kojic Acid Face Serum (30ml) + Niacinamide Face Serum (30ml) Combo | Brightening, Dark Spot Reduction, Pore Minimizing & Oil Control Serums | For All Skin Types",Meesho,1159,20862,1061,5.09%,80,33520,28.92x,3.5%
2026-08-08,VQ-Kojic-Acid-Serum-Niacinamide-Acid-Serum,"Veqix Kojic Acid Face Serum (30ml) + Niacinamide Face Serum (30ml) Combo | Brightening, Dark Spot Reduction, Pore Minimizing & Oil Control Serums | For All Skin Types",Myntra,498,10956,560,5.11%,18,7542,15.14x,6.6%
2026-08-07,VQ-Kojic-Acid-Serum-Niacinamide-Acid-Serum,"Veqix Kojic Acid Face Serum (30ml) + Niacinamide Face Serum (30ml) Combo | Brightening, Dark Spot Reduction, Pore Minimizing & Oil Control Serums | For All Skin Types",Own Website,564,12972,582,4.49%,28,11732,20.80x,4.8%
2026-08-06,VQ-Kojic-Acid-Serum-Niacinamide-Acid-Serum,"Veqix Kojic Acid Face Serum (30ml) + Niacinamide Face Serum (30ml) Combo | Brightening, Dark Spot Reduction, Pore Minimizing & Oil Control Serums | For All Skin Types",Amazon,712,12816,441,3.44%,50,20950,29.42x,3.4%
2026-08-05,VQ-Kojic-Acid-Serum-Niacinamide-Acid-Serum,"Veqix Kojic Acid Face Serum (30ml) + Niacinamide Face Serum (30ml) Combo | Brightening, Dark Spot Reduction, Pore Minimizing & Oil Control Serums | For All Skin Types",Flipkart,219,7227,288,3.99%,13,5447,24.87x,4.0%
2026-08-04,VQ-Kojic-Acid-Serum-Niacinamide-Acid-Serum,"Veqix Kojic Acid Face Serum (30ml) + Niacinamide Face Serum (30ml) Combo | Brightening, Dark Spot Reduction, Pore Minimizing & Oil Control Serums | For All Skin Types",Meesho,1267,35476,1633,4.60%,148,62012,48.94x,2.0%
2026-08-03,VQ-Kojic-Acid-Serum-Niacinamide-Acid-Serum,"Veqix Kojic Acid Face Serum (30ml) + Niacinamide Face Serum (30ml) Combo | Brightening, Dark Spot Reduction, Pore Minimizing & Oil Control Serums | For All Skin Types",Myntra,500,8500,286,3.36%,15,6285,12.57x,8.0%
2026-08-02,VQ-Kojic-Acid-Serum-Niacinamide-Acid-Serum,"Veqix Kojic Acid Face Serum (30ml) + Niacinamide Face Serum (30ml) Combo | Brightening, Dark Spot Reduction, Pore Minimizing & Oil Control Serums | For All Skin Types",Own Website,730,24090,1242,5.16%,77,32263,44.20x,2.3%
2026-08-01,VQ-Kojic-Acid-Serum-Niacinamide-Acid-Serum,"Veqix Kojic Acid Face Serum (30ml) + Niacinamide Face Serum (30ml) Combo | Brightening, Dark Spot Reduction, Pore Minimizing & Oil Control Serums | For All Skin Types",Amazon,208,3328,68,2.04%,6,2514,12.09x,8.3%
2026-07-31,VQ-Kojic-Acid-Serum-Niacinamide-Acid-Serum,"Veqix Kojic Acid Face Serum (30ml) + Niacinamide Face Serum (30ml) Combo | Brightening, Dark Spot Reduction, Pore Minimizing & Oil Control Serums | For All Skin Types",Flipkart,1097,19746,318,1.61%,48,20112,18.33x,5.5%
2026-07-30,VQ-Kojic-Acid-Serum-Niacinamide-Acid-Serum,"Veqix Kojic Acid Face Serum (30ml) + Niacinamide Face Serum (30ml) Combo | Brightening, Dark Spot Reduction, Pore Minimizing & Oil Control Serums | For All Skin Types",Meesho,289,5780,198,3.43%,29,12151,42.04x,2.4%
2026-07-29,VQ-Kojic-Acid-Serum-Niacinamide-Acid-Serum,"Veqix Kojic Acid Face Serum (30ml) + Niacinamide Face Serum (30ml) Combo | Brightening, Dark Spot Reduction, Pore Minimizing & Oil Control Serums | For All Skin Types",Myntra,151,2416,53,2.19%,3,1257,8.32x,12.0%
2026-07-28,VQ-Kojic-Acid-Serum-Niacinamide-Acid-Serum,"Veqix Kojic Acid Face Serum (30ml) + Niacinamide Face Serum (30ml) Combo | Brightening, Dark Spot Reduction, Pore Minimizing & Oil Control Serums | For All Skin Types",Own Website,911,27330,804,2.94%,38,15922,17.48x,5.7%
2026-08-11,RM_HAIR_SERUM,"Hair Growth Serum | Reduces Hair Fall, Strengthens Roots & Boosts Shine (30 ml)",Flipkart,1288,48944,1736,3.55%,82,34358,26.68x,3.7%
2026-08-10,RM_HAIR_SERUM,"Hair Growth Serum | Reduces Hair Fall, Strengthens Roots & Boosts Shine (30 ml)",Meesho,757,18168,835,4.60%,27,11313,14.94x,6.7%
2026-08-09,RM_HAIR_SERUM,"Hair Growth Serum | Reduces Hair Fall, Strengthens Roots & Boosts Shine (30 ml)",Myntra,282,8178,151,1.85%,18,7542,26.74x,3.7%
2026-08-08,RM_HAIR_SERUM,"Hair Growth Serum | Reduces Hair Fall, Strengthens Roots & Boosts Shine (30 ml)",Own Website,1315,34190,901,2.64%,80,33520,25.49x,3.9%
2026-08-07,RM_HAIR_SERUM,"Hair Growth Serum | Reduces Hair Fall, Strengthens Roots & Boosts Shine (30 ml)",Amazon,1186,27278,574,2.10%,81,33939,28.62x,3.5%
2026-08-06,RM_HAIR_SERUM,"Hair Growth Serum | Reduces Hair Fall, Strengthens Roots & Boosts Shine (30 ml)",Flipkart,1340,34840,1369,3.93%,68,28492,21.26x,4.7%
2026-08-05,RM_HAIR_SERUM,"Hair Growth Serum | Reduces Hair Fall, Strengthens Roots & Boosts Shine (30 ml)",Meesho,713,17825,566,3.18%,44,18436,25.86x,3.9%
2026-08-04,RM_HAIR_SERUM,"Hair Growth Serum | Reduces Hair Fall, Strengthens Roots & Boosts Shine (30 ml)",Myntra,553,9401,402,4.28%,44,18436,33.34x,3.0%
2026-08-03,RM_HAIR_SERUM,"Hair Growth Serum | Reduces Hair Fall, Strengthens Roots & Boosts Shine (30 ml)",Own Website,939,36621,2005,5.48%,96,40224,42.84x,2.3%
2026-08-02,RM_HAIR_SERUM,"Hair Growth Serum | Reduces Hair Fall, Strengthens Roots & Boosts Shine (30 ml)",Amazon,862,21550,466,2.16%,39,16341,18.96x,5.3%
2026-08-01,RM_HAIR_SERUM,"Hair Growth Serum | Reduces Hair Fall, Strengthens Roots & Boosts Shine (30 ml)",Flipkart,435,9570,226,2.36%,23,9637,22.15x,4.5%
2026-07-31,RM_HAIR_SERUM,"Hair Growth Serum | Reduces Hair Fall, Strengthens Roots & Boosts Shine (30 ml)",Meesho,1262,31550,1111,3.52%,152,63688,50.47x,2.0%
2026-07-30,RM_HAIR_SERUM,"Hair Growth Serum | Reduces Hair Fall, Strengthens Roots & Boosts Shine (30 ml)",Myntra,926,13890,276,1.99%,42,17598,19.00x,5.3%
2026-07-29,RM_HAIR_SERUM,"Hair Growth Serum | Reduces Hair Fall, Strengthens Roots & Boosts Shine (30 ml)",Own Website,848,19504,414,2.12%,56,23464,27.67x,3.6%
2026-07-28,RM_HAIR_SERUM,"Hair Growth Serum | Reduces Hair Fall, Strengthens Roots & Boosts Shine (30 ml)",Amazon,856,30816,1084,3.52%,54,22626,26.43x,3.8%
2026-08-11,De-Tan Coffee Body Wash-3,"De-Tan Coffee Body Wash for Men & Women | Deep Cleansing & Tan Removal | Exfoliates Dead Skin, Boosts Glow & Smoothness | All Skin Types | 200ml || Pack of 3",Meesho,307,10131,272,2.68%,41,17179,55.96x,1.8%
2026-08-10,De-Tan Coffee Body Wash-3,"De-Tan Coffee Body Wash for Men & Women | Deep Cleansing & Tan Removal | Exfoliates Dead Skin, Boosts Glow & Smoothness | All Skin Types | 200ml || Pack of 3",Myntra,1251,31275,627,2.00%,66,27654,22.11x,4.5%
2026-08-09,De-Tan Coffee Body Wash-3,"De-Tan Coffee Body Wash for Men & Women | Deep Cleansing & Tan Removal | Exfoliates Dead Skin, Boosts Glow & Smoothness | All Skin Types | 200ml || Pack of 3",Own Website,673,19517,716,3.67%,97,40643,60.39x,1.7%
2026-08-08,De-Tan Coffee Body Wash-3,"De-Tan Coffee Body Wash for Men & Women | Deep Cleansing & Tan Removal | Exfoliates Dead Skin, Boosts Glow & Smoothness | All Skin Types | 200ml || Pack of 3",Amazon,924,18480,559,3.02%,37,15503,16.78x,6.0%
2026-08-07,De-Tan Coffee Body Wash-3,"De-Tan Coffee Body Wash for Men & Women | Deep Cleansing & Tan Removal | Exfoliates Dead Skin, Boosts Glow & Smoothness | All Skin Types | 200ml || Pack of 3",Flipkart,438,9198,382,4.15%,51,21369,48.79x,2.0%
2026-08-06,De-Tan Coffee Body Wash-3,"De-Tan Coffee Body Wash for Men & Women | Deep Cleansing & Tan Removal | Exfoliates Dead Skin, Boosts Glow & Smoothness | All Skin Types | 200ml || Pack of 3",Meesho,662,20522,431,2.10%,33,13827,20.89x,4.8%
2026-08-05,De-Tan Coffee Body Wash-3,"De-Tan Coffee Body Wash for Men & Women | Deep Cleansing & Tan Removal | Exfoliates Dead Skin, Boosts Glow & Smoothness | All Skin Types | 200ml || Pack of 3",Myntra,1262,40384,823,2.04%,113,47347,37.52x,2.7%
2026-08-04,De-Tan Coffee Body Wash-3,"De-Tan Coffee Body Wash for Men & Women | Deep Cleansing & Tan Removal | Exfoliates Dead Skin, Boosts Glow & Smoothness | All Skin Types | 200ml || Pack of 3",Own Website,169,6084,204,3.35%,22,9218,54.54x,1.8%
2026-08-03,De-Tan Coffee Body Wash-3,"De-Tan Coffee Body Wash for Men & Women | Deep Cleansing & Tan Removal | Exfoliates Dead Skin, Boosts Glow & Smoothness | All Skin Types | 200ml || Pack of 3",Amazon,196,3528,171,4.85%,25,10475,53.44x,1.9%
2026-08-02,De-Tan Coffee Body Wash-3,"De-Tan Coffee Body Wash for Men & Women | Deep Cleansing & Tan Removal | Exfoliates Dead Skin, Boosts Glow & Smoothness | All Skin Types | 200ml || Pack of 3",Flipkart,1160,35960,1597,4.44%,153,64107,55.26x,1.8%
2026-08-01,De-Tan Coffee Body Wash-3,"De-Tan Coffee Body Wash for Men & Women | Deep Cleansing & Tan Removal | Exfoliates Dead Skin, Boosts Glow & Smoothness | All Skin Types | 200ml || Pack of 3",Meesho,1100,23100,625,2.71%,67,28073,25.52x,3.9%
2026-07-31,De-Tan Coffee Body Wash-3,"De-Tan Coffee Body Wash for Men & Women | Deep Cleansing & Tan Removal | Exfoliates Dead Skin, Boosts Glow & Smoothness | All Skin Types | 200ml || Pack of 3",Myntra,150,3600,66,1.83%,8,3352,22.35x,4.5%
2026-07-30,De-Tan Coffee Body Wash-3,"De-Tan Coffee Body Wash for Men & Women | Deep Cleansing & Tan Removal | Exfoliates Dead Skin, Boosts Glow & Smoothness | All Skin Types | 200ml || Pack of 3",Own Website,1063,24449,373,1.53%,25,10475,9.85x,10.1%
2026-07-29,De-Tan Coffee Body Wash-3,"De-Tan Coffee Body Wash for Men & Women | Deep Cleansing & Tan Removal | Exfoliates Dead Skin, Boosts Glow & Smoothness | All Skin Types | 200ml || Pack of 3",Amazon,586,15236,719,4.72%,88,36872,62.92x,1.6%
2026-07-28,De-Tan Coffee Body Wash-3,"De-Tan Coffee Body Wash for Men & Women | Deep Cleansing & Tan Removal | Exfoliates Dead Skin, Boosts Glow & Smoothness | All Skin Types | 200ml || Pack of 3",Flipkart,914,27420,677,2.47%,74,31006,33.92x,2.9%
2026-08-11,VQ-Pineapple-Toner-Serum-Moisturizer-001,"Pineapple Skincare Combo | Clarifying Fruit Toner, De-Pigmentation Face Serum & Glow Moisturizer | Brightening, Dark Spot Repair | For All Skin Types",Myntra,540,17820,583,3.27%,29,12151,22.50x,4.4%
2026-08-10,VQ-Pineapple-Toner-Serum-Moisturizer-001,"Pineapple Skincare Combo | Clarifying Fruit Toner, De-Pigmentation Face Serum & Glow Moisturizer | Brightening, Dark Spot Repair | For All Skin Types",Own Website,252,6552,358,5.46%,51,21369,84.80x,1.2%
2026-08-09,VQ-Pineapple-Toner-Serum-Moisturizer-001,"Pineapple Skincare Combo | Clarifying Fruit Toner, De-Pigmentation Face Serum & Glow Moisturizer | Brightening, Dark Spot Repair | For All Skin Types",Amazon,301,9030,362,4.01%,51,21369,70.99x,1.4%
2026-08-08,VQ-Pineapple-Toner-Serum-Moisturizer-001,"Pineapple Skincare Combo | Clarifying Fruit Toner, De-Pigmentation Face Serum & Glow Moisturizer | Brightening, Dark Spot Repair | For All Skin Types",Flipkart,196,7448,231,3.10%,8,3352,17.10x,5.8%
2026-08-07,VQ-Pineapple-Toner-Serum-Moisturizer-001,"Pineapple Skincare Combo | Clarifying Fruit Toner, De-Pigmentation Face Serum & Glow Moisturizer | Brightening, Dark Spot Repair | For All Skin Types",Meesho,230,5980,289,4.83%,16,6704,29.15x,3.4%
2026-08-06,VQ-Pineapple-Toner-Serum-Moisturizer-001,"Pineapple Skincare Combo | Clarifying Fruit Toner, De-Pigmentation Face Serum & Glow Moisturizer | Brightening, Dark Spot Repair | For All Skin Types",Myntra,626,22536,421,1.87%,60,25140,40.16x,2.5%
2026-08-05,VQ-Pineapple-Toner-Serum-Moisturizer-001,"Pineapple Skincare Combo | Clarifying Fruit Toner, De-Pigmentation Face Serum & Glow Moisturizer | Brightening, Dark Spot Repair | For All Skin Types",Own Website,1231,32006,872,2.72%,65,27235,22.12x,4.5%
2026-08-04,VQ-Pineapple-Toner-Serum-Moisturizer-001,"Pineapple Skincare Combo | Clarifying Fruit Toner, De-Pigmentation Face Serum & Glow Moisturizer | Brightening, Dark Spot Repair | For All Skin Types",Amazon,1202,25242,547,2.17%,48,20112,16.73x,6.0%
2026-08-03,VQ-Pineapple-Toner-Serum-Moisturizer-001,"Pineapple Skincare Combo | Clarifying Fruit Toner, De-Pigmentation Face Serum & Glow Moisturizer | Brightening, Dark Spot Repair | For All Skin Types",Flipkart,475,9500,267,2.81%,32,13408,28.23x,3.5%
2026-08-02,VQ-Pineapple-Toner-Serum-Moisturizer-001,"Pineapple Skincare Combo | Clarifying Fruit Toner, De-Pigmentation Face Serum & Glow Moisturizer | Brightening, Dark Spot Repair | For All Skin Types",Meesho,191,3820,96,2.51%,9,3771,19.74x,5.1%
2026-08-01,VQ-Pineapple-Toner-Serum-Moisturizer-001,"Pineapple Skincare Combo | Clarifying Fruit Toner, De-Pigmentation Face Serum & Glow Moisturizer | Brightening, Dark Spot Repair | For All Skin Types",Myntra,158,3318,161,4.85%,17,7123,45.08x,2.2%
2026-07-31,VQ-Pineapple-Toner-Serum-Moisturizer-001,"Pineapple Skincare Combo | Clarifying Fruit Toner, De-Pigmentation Face Serum & Glow Moisturizer | Brightening, Dark Spot Repair | For All Skin Types",Own Website,175,6300,256,4.06%,13,5447,31.13x,3.2%
2026-07-30,VQ-Pineapple-Toner-Serum-Moisturizer-001,"Pineapple Skincare Combo | Clarifying Fruit Toner, De-Pigmentation Face Serum & Glow Moisturizer | Brightening, Dark Spot Repair | For All Skin Types",Amazon,370,14430,515,3.57%,64,26816,72.48x,1.4%
2026-07-29,VQ-Pineapple-Toner-Serum-Moisturizer-001,"Pineapple Skincare Combo | Clarifying Fruit Toner, De-Pigmentation Face Serum & Glow Moisturizer | Brightening, Dark Spot Repair | For All Skin Types",Flipkart,176,2640,108,4.09%,13,5447,30.95x,3.2%
2026-07-28,VQ-Pineapple-Toner-Serum-Moisturizer-001,"Pineapple Skincare Combo | Clarifying Fruit Toner, De-Pigmentation Face Serum & Glow Moisturizer | Brightening, Dark Spot Repair | For All Skin Types",Meesho,1017,18306,871,4.76%,76,31844,31.31x,3.2%
2026-08-11,VQ-Jamun-Toner-Serum-Moisturizer-001,Jamun ClearSkin Acne Care Combo | Clarifying Toner 100ml + Active Acne Moisturizer 50g + Acne Marks Face Serum 30ml | For Oily & Acne-Prone Skin,Own Website,1318,27678,1369,4.95%,51,21369,16.21x,6.2%
2026-08-10,VQ-Jamun-Toner-Serum-Moisturizer-001,Jamun ClearSkin Acne Care Combo | Clarifying Toner 100ml + Active Acne Moisturizer 50g + Acne Marks Face Serum 30ml | For Oily & Acne-Prone Skin,Amazon,677,20987,896,4.27%,57,23883,35.28x,2.8%
2026-08-09,VQ-Jamun-Toner-Serum-Moisturizer-001,Jamun ClearSkin Acne Care Combo | Clarifying Toner 100ml + Active Acne Moisturizer 50g + Acne Marks Face Serum 30ml | For Oily & Acne-Prone Skin,Flipkart,508,16256,302,1.86%,33,13827,27.22x,3.7%
2026-08-08,VQ-Jamun-Toner-Serum-Moisturizer-001,Jamun ClearSkin Acne Care Combo | Clarifying Toner 100ml + Active Acne Moisturizer 50g + Acne Marks Face Serum 30ml | For Oily & Acne-Prone Skin,Meesho,1273,45828,1032,2.25%,134,56146,44.11x,2.3%
2026-08-07,VQ-Jamun-Toner-Serum-Moisturizer-001,Jamun ClearSkin Acne Care Combo | Clarifying Toner 100ml + Active Acne Moisturizer 50g + Acne Marks Face Serum 30ml | For Oily & Acne-Prone Skin,Myntra,1182,42552,2220,5.22%,112,46928,39.70x,2.5%
2026-08-06,VQ-Jamun-Toner-Serum-Moisturizer-001,Jamun ClearSkin Acne Care Combo | Clarifying Toner 100ml + Active Acne Moisturizer 50g + Acne Marks Face Serum 30ml | For Oily & Acne-Prone Skin,Own Website,1323,31752,879,2.77%,32,13408,10.13x,9.9%
2026-08-05,VQ-Jamun-Toner-Serum-Moisturizer-001,Jamun ClearSkin Acne Care Combo | Clarifying Toner 100ml + Active Acne Moisturizer 50g + Acne Marks Face Serum 30ml | For Oily & Acne-Prone Skin,Amazon,225,7425,326,4.39%,21,8799,39.11x,2.6%
2026-08-04,VQ-Jamun-Toner-Serum-Moisturizer-001,Jamun ClearSkin Acne Care Combo | Clarifying Toner 100ml + Active Acne Moisturizer 50g + Acne Marks Face Serum 30ml | For Oily & Acne-Prone Skin,Flipkart,1020,21420,731,3.41%,51,21369,20.95x,4.8%
2026-08-03,VQ-Jamun-Toner-Serum-Moisturizer-001,Jamun ClearSkin Acne Care Combo | Clarifying Toner 100ml + Active Acne Moisturizer 50g + Acne Marks Face Serum 30ml | For Oily & Acne-Prone Skin,Meesho,1236,21012,876,4.17%,94,39386,31.87x,3.1%
2026-08-02,VQ-Jamun-Toner-Serum-Moisturizer-001,Jamun ClearSkin Acne Care Combo | Clarifying Toner 100ml + Active Acne Moisturizer 50g + Acne Marks Face Serum 30ml | For Oily & Acne-Prone Skin,Myntra,834,28356,489,1.72%,41,17179,20.60x,4.9%
2026-08-01,VQ-Jamun-Toner-Serum-Moisturizer-001,Jamun ClearSkin Acne Care Combo | Clarifying Toner 100ml + Active Acne Moisturizer 50g + Acne Marks Face Serum 30ml | For Oily & Acne-Prone Skin,Own Website,480,10080,367,3.64%,44,18436,38.41x,2.6%
2026-07-31,VQ-Jamun-Toner-Serum-Moisturizer-001,Jamun ClearSkin Acne Care Combo | Clarifying Toner 100ml + Active Acne Moisturizer 50g + Acne Marks Face Serum 30ml | For Oily & Acne-Prone Skin,Amazon,569,21053,401,1.90%,33,13827,24.30x,4.1%
2026-07-30,VQ-Jamun-Toner-Serum-Moisturizer-001,Jamun ClearSkin Acne Care Combo | Clarifying Toner 100ml + Active Acne Moisturizer 50g + Acne Marks Face Serum 30ml | For Oily & Acne-Prone Skin,Flipkart,792,30888,863,2.79%,118,49442,62.43x,1.6%
2026-07-29,VQ-Jamun-Toner-Serum-Moisturizer-001,Jamun ClearSkin Acne Care Combo | Clarifying Toner 100ml + Active Acne Moisturizer 50g + Acne Marks Face Serum 30ml | For Oily & Acne-Prone Skin,Meesho,158,5056,207,4.09%,8,3352,21.22x,4.7%
2026-07-28,VQ-Jamun-Toner-Serum-Moisturizer-001,Jamun ClearSkin Acne Care Combo | Clarifying Toner 100ml + Active Acne Moisturizer 50g + Acne Marks Face Serum 30ml | For Oily & Acne-Prone Skin,Myntra,360,14040,230,1.64%,25,10475,29.10x,3.4%
2026-08-11,RM-Shampoo+RM-Hair-Serum,Anti-Hairfall Shampoo with Rosemary Hair Serum,Amazon,454,14074,681,4.84%,48,20112,44.30x,2.3%
2026-08-10,RM-Shampoo+RM-Hair-Serum,Anti-Hairfall Shampoo with Rosemary Hair Serum,Flipkart,273,9828,221,2.25%,32,13408,49.11x,2.0%
2026-08-09,RM-Shampoo+RM-Hair-Serum,Anti-Hairfall Shampoo with Rosemary Hair Serum,Meesho,1200,40800,1312,3.22%,195,81705,68.09x,1.5%
2026-08-08,RM-Shampoo+RM-Hair-Serum,Anti-Hairfall Shampoo with Rosemary Hair Serum,Myntra,697,19516,1065,5.46%,127,53213,76.35x,1.3%
2026-08-07,RM-Shampoo+RM-Hair-Serum,Anti-Hairfall Shampoo with Rosemary Hair Serum,Own Website,1154,19618,445,2.27%,47,19693,17.06x,5.9%
2026-08-06,RM-Shampoo+RM-Hair-Serum,Anti-Hairfall Shampoo with Rosemary Hair Serum,Amazon,693,23562,446,1.89%,47,19693,28.42x,3.5%
2026-08-05,RM-Shampoo+RM-Hair-Serum,Anti-Hairfall Shampoo with Rosemary Hair Serum,Flipkart,444,12876,330,2.56%,15,6285,14.16x,7.1%
2026-08-04,RM-Shampoo+RM-Hair-Serum,Anti-Hairfall Shampoo with Rosemary Hair Serum,Meesho,852,16188,826,5.10%,40,16760,19.67x,5.1%
2026-08-03,RM-Shampoo+RM-Hair-Serum,Anti-Hairfall Shampoo with Rosemary Hair Serum,Myntra,453,11778,473,4.02%,16,6704,14.80x,6.8%
2026-08-02,RM-Shampoo+RM-Hair-Serum,Anti-Hairfall Shampoo with Rosemary Hair Serum,Own Website,227,5221,253,4.85%,36,15084,66.45x,1.5%
2026-08-01,RM-Shampoo+RM-Hair-Serum,Anti-Hairfall Shampoo with Rosemary Hair Serum,Amazon,480,8160,228,2.79%,10,4190,8.73x,11.5%
2026-07-31,RM-Shampoo+RM-Hair-Serum,Anti-Hairfall Shampoo with Rosemary Hair Serum,Flipkart,652,10432,200,1.92%,18,7542,11.57x,8.6%
2026-07-30,RM-Shampoo+RM-Hair-Serum,Anti-Hairfall Shampoo with Rosemary Hair Serum,Meesho,661,11237,236,2.10%,18,7542,11.41x,8.8%
2026-07-29,RM-Shampoo+RM-Hair-Serum,Anti-Hairfall Shampoo with Rosemary Hair Serum,Myntra,843,26976,1437,5.33%,111,46509,55.17x,1.8%
2026-07-28,RM-Shampoo+RM-Hair-Serum,Anti-Hairfall Shampoo with Rosemary Hair Serum,Own Website,990,20790,501,2.41%,69,28911,29.20x,3.4%
2026-08-11,RM_Hair_Oil,"Hair & Scalp Oil | Deep Nourishment, Hair Fall Control & Growth Support",Flipkart,517,16544,437,2.64%,46,19274,37.28x,2.7%
2026-08-10,RM_Hair_Oil,"Hair & Scalp Oil | Deep Nourishment, Hair Fall Control & Growth Support",Meesho,398,15522,245,1.58%,13,5447,13.69x,7.3%
2026-08-09,RM_Hair_Oil,"Hair & Scalp Oil | Deep Nourishment, Hair Fall Control & Growth Support",Myntra,329,12502,625,5.00%,83,34777,105.71x,0.9%
2026-08-08,RM_Hair_Oil,"Hair & Scalp Oil | Deep Nourishment, Hair Fall Control & Growth Support",Own Website,1073,24679,945,3.83%,30,12570,11.71x,8.5%
2026-08-07,RM_Hair_Oil,"Hair & Scalp Oil | Deep Nourishment, Hair Fall Control & Growth Support",Amazon,1084,39024,1388,3.56%,142,59498,54.89x,1.8%
2026-08-06,RM_Hair_Oil,"Hair & Scalp Oil | Deep Nourishment, Hair Fall Control & Growth Support",Flipkart,1202,33656,524,1.56%,19,7961,6.62x,15.1%
2026-08-05,RM_Hair_Oil,"Hair & Scalp Oil | Deep Nourishment, Hair Fall Control & Growth Support",Meesho,1302,24738,1044,4.22%,75,31425,24.14x,4.1%
2026-08-04,RM_Hair_Oil,"Hair & Scalp Oil | Deep Nourishment, Hair Fall Control & Growth Support",Myntra,704,27456,955,3.48%,100,41900,59.52x,1.7%
2026-08-03,RM_Hair_Oil,"Hair & Scalp Oil | Deep Nourishment, Hair Fall Control & Growth Support",Own Website,989,21758,967,4.44%,58,24302,24.57x,4.1%
2026-08-02,RM_Hair_Oil,"Hair & Scalp Oil | Deep Nourishment, Hair Fall Control & Growth Support",Amazon,598,9568,198,2.07%,27,11313,18.92x,5.3%
2026-08-01,RM_Hair_Oil,"Hair & Scalp Oil | Deep Nourishment, Hair Fall Control & Growth Support",Flipkart,334,12024,384,3.19%,57,23883,71.51x,1.4%
2026-07-31,RM_Hair_Oil,"Hair & Scalp Oil | Deep Nourishment, Hair Fall Control & Growth Support",Meesho,1157,25454,1206,4.74%,168,70392,60.84x,1.6%
2026-07-30,RM_Hair_Oil,"Hair & Scalp Oil | Deep Nourishment, Hair Fall Control & Growth Support",Myntra,620,20460,711,3.48%,39,16341,26.36x,3.8%
2026-07-29,RM_Hair_Oil,"Hair & Scalp Oil | Deep Nourishment, Hair Fall Control & Growth Support",Own Website,1183,23660,841,3.55%,48,20112,17.00x,5.9%
2026-07-28,RM_Hair_Oil,"Hair & Scalp Oil | Deep Nourishment, Hair Fall Control & Growth Support",Amazon,1332,45288,1474,3.25%,141,59079,44.35x,2.3%
2026-08-11,Pineapple-Toner-Serum-Moisturizer-Jamun-Moisturizer,"Pineapple & Jamun Glow Skincare Combo (Pack of 4) | Pineapple Clarifying Toner 100ml + Pineapple Glow Moisturizer 50g + Jamun Active Acne Moisturizer 50g + Pineapple De-Pigmentation Face Serum 30ml | Acne, Oil Control & Dark Spot Care",Meesho,341,5115,172,3.36%,17,7123,20.89x,4.8%
2026-08-10,Pineapple-Toner-Serum-Moisturizer-Jamun-Moisturizer,"Pineapple & Jamun Glow Skincare Combo (Pack of 4) | Pineapple Clarifying Toner 100ml + Pineapple Glow Moisturizer 50g + Jamun Active Acne Moisturizer 50g + Pineapple De-Pigmentation Face Serum 30ml | Acne, Oil Control & Dark Spot Care",Myntra,186,2790,115,4.12%,15,6285,33.79x,3.0%
2026-08-09,Pineapple-Toner-Serum-Moisturizer-Jamun-Moisturizer,"Pineapple & Jamun Glow Skincare Combo (Pack of 4) | Pineapple Clarifying Toner 100ml + Pineapple Glow Moisturizer 50g + Jamun Active Acne Moisturizer 50g + Pineapple De-Pigmentation Face Serum 30ml | Acne, Oil Control & Dark Spot Care",Own Website,1219,20723,792,3.82%,57,23883,19.59x,5.1%
2026-08-08,Pineapple-Toner-Serum-Moisturizer-Jamun-Moisturizer,"Pineapple & Jamun Glow Skincare Combo (Pack of 4) | Pineapple Clarifying Toner 100ml + Pineapple Glow Moisturizer 50g + Jamun Active Acne Moisturizer 50g + Pineapple De-Pigmentation Face Serum 30ml | Acne, Oil Control & Dark Spot Care",Amazon,1065,34080,1557,4.57%,159,66621,62.55x,1.6%
2026-08-07,Pineapple-Toner-Serum-Moisturizer-Jamun-Moisturizer,"Pineapple & Jamun Glow Skincare Combo (Pack of 4) | Pineapple Clarifying Toner 100ml + Pineapple Glow Moisturizer 50g + Jamun Active Acne Moisturizer 50g + Pineapple De-Pigmentation Face Serum 30ml | Acne, Oil Control & Dark Spot Care",Flipkart,442,10166,434,4.27%,47,19693,44.55x,2.2%
2026-08-06,Pineapple-Toner-Serum-Moisturizer-Jamun-Moisturizer,"Pineapple & Jamun Glow Skincare Combo (Pack of 4) | Pineapple Clarifying Toner 100ml + Pineapple Glow Moisturizer 50g + Jamun Active Acne Moisturizer 50g + Pineapple De-Pigmentation Face Serum 30ml | Acne, Oil Control & Dark Spot Care",Meesho,931,15827,850,5.37%,27,11313,12.15x,8.2%
2026-08-05,Pineapple-Toner-Serum-Moisturizer-Jamun-Moisturizer,"Pineapple & Jamun Glow Skincare Combo (Pack of 4) | Pineapple Clarifying Toner 100ml + Pineapple Glow Moisturizer 50g + Jamun Active Acne Moisturizer 50g + Pineapple De-Pigmentation Face Serum 30ml | Acne, Oil Control & Dark Spot Care",Myntra,1349,31027,1044,3.36%,52,21788,16.15x,6.2%
2026-08-04,Pineapple-Toner-Serum-Moisturizer-Jamun-Moisturizer,"Pineapple & Jamun Glow Skincare Combo (Pack of 4) | Pineapple Clarifying Toner 100ml + Pineapple Glow Moisturizer 50g + Jamun Active Acne Moisturizer 50g + Pineapple De-Pigmentation Face Serum 30ml | Acne, Oil Control & Dark Spot Care",Own Website,760,12920,335,2.59%,20,8380,11.03x,9.1%
2026-08-03,Pineapple-Toner-Serum-Moisturizer-Jamun-Moisturizer,"Pineapple & Jamun Glow Skincare Combo (Pack of 4) | Pineapple Clarifying Toner 100ml + Pineapple Glow Moisturizer 50g + Jamun Active Acne Moisturizer 50g + Pineapple De-Pigmentation Face Serum 30ml | Acne, Oil Control & Dark Spot Care",Amazon,568,16472,485,2.94%,42,17598,30.98x,3.2%
2026-08-02,Pineapple-Toner-Serum-Moisturizer-Jamun-Moisturizer,"Pineapple & Jamun Glow Skincare Combo (Pack of 4) | Pineapple Clarifying Toner 100ml + Pineapple Glow Moisturizer 50g + Jamun Active Acne Moisturizer 50g + Pineapple De-Pigmentation Face Serum 30ml | Acne, Oil Control & Dark Spot Care",Flipkart,1306,27426,877,3.20%,129,54051,41.39x,2.4%
2026-08-01,Pineapple-Toner-Serum-Moisturizer-Jamun-Moisturizer,"Pineapple & Jamun Glow Skincare Combo (Pack of 4) | Pineapple Clarifying Toner 100ml + Pineapple Glow Moisturizer 50g + Jamun Active Acne Moisturizer 50g + Pineapple De-Pigmentation Face Serum 30ml | Acne, Oil Control & Dark Spot Care",Meesho,1163,31401,1254,3.99%,39,16341,14.05x,7.1%
2026-07-31,Pineapple-Toner-Serum-Moisturizer-Jamun-Moisturizer,"Pineapple & Jamun Glow Skincare Combo (Pack of 4) | Pineapple Clarifying Toner 100ml + Pineapple Glow Moisturizer 50g + Jamun Active Acne Moisturizer 50g + Pineapple De-Pigmentation Face Serum 30ml | Acne, Oil Control & Dark Spot Care",Myntra,1117,24574,1025,4.17%,122,51118,45.76x,2.2%
2026-07-30,Pineapple-Toner-Serum-Moisturizer-Jamun-Moisturizer,"Pineapple & Jamun Glow Skincare Combo (Pack of 4) | Pineapple Clarifying Toner 100ml + Pineapple Glow Moisturizer 50g + Jamun Active Acne Moisturizer 50g + Pineapple De-Pigmentation Face Serum 30ml | Acne, Oil Control & Dark Spot Care",Own Website,663,15249,749,4.91%,40,16760,25.28x,4.0%
2026-07-29,Pineapple-Toner-Serum-Moisturizer-Jamun-Moisturizer,"Pineapple & Jamun Glow Skincare Combo (Pack of 4) | Pineapple Clarifying Toner 100ml + Pineapple Glow Moisturizer 50g + Jamun Active Acne Moisturizer 50g + Pineapple De-Pigmentation Face Serum 30ml | Acne, Oil Control & Dark Spot Care",Amazon,182,3094,134,4.33%,9,3771,20.72x,4.8%
2026-07-28,Pineapple-Toner-Serum-Moisturizer-Jamun-Moisturizer,"Pineapple & Jamun Glow Skincare Combo (Pack of 4) | Pineapple Clarifying Toner 100ml + Pineapple Glow Moisturizer 50g + Jamun Active Acne Moisturizer 50g + Pineapple De-Pigmentation Face Serum 30ml | Acne, Oil Control & Dark Spot Care",Flipkart,226,8588,452,5.26%,16,6704,29.66x,3.4%
2026-08-11,VEQIX HAIR OIL 1,Praya HairOil for Hair fall Control and Growth Hair Oil With Neem Lotus Tea Tree Hair Oil ( 100 ML),Myntra,1262,34074,997,2.93%,77,32263,25.56x,3.9%
2026-08-10,VEQIX HAIR OIL 1,Praya HairOil for Hair fall Control and Growth Hair Oil With Neem Lotus Tea Tree Hair Oil ( 100 ML),Own Website,798,23142,392,1.69%,37,15503,19.43x,5.1%
2026-08-09,VEQIX HAIR OIL 1,Praya HairOil for Hair fall Control and Growth Hair Oil With Neem Lotus Tea Tree Hair Oil ( 100 ML),Amazon,302,10872,566,5.21%,83,34777,115.16x,0.9%
2026-08-08,VEQIX HAIR OIL 1,Praya HairOil for Hair fall Control and Growth Hair Oil With Neem Lotus Tea Tree Hair Oil ( 100 ML),Flipkart,750,16500,702,4.25%,91,38129,50.84x,2.0%
2026-08-07,VEQIX HAIR OIL 1,Praya HairOil for Hair fall Control and Growth Hair Oil With Neem Lotus Tea Tree Hair Oil ( 100 ML),Meesho,516,18060,933,5.17%,56,23464,45.47x,2.2%
2026-08-06,VEQIX HAIR OIL 1,Praya HairOil for Hair fall Control and Growth Hair Oil With Neem Lotus Tea Tree Hair Oil ( 100 ML),Myntra,192,4224,168,3.98%,15,6285,32.73x,3.1%
2026-08-05,VEQIX HAIR OIL 1,Praya HairOil for Hair fall Control and Growth Hair Oil With Neem Lotus Tea Tree Hair Oil ( 100 ML),Own Website,747,11952,504,4.22%,62,25978,34.78x,2.9%
2026-08-04,VEQIX HAIR OIL 1,Praya HairOil for Hair fall Control and Growth Hair Oil With Neem Lotus Tea Tree Hair Oil ( 100 ML),Amazon,819,31122,1641,5.27%,222,93018,113.58x,0.9%
2026-08-03,VEQIX HAIR OIL 1,Praya HairOil for Hair fall Control and Growth Hair Oil With Neem Lotus Tea Tree Hair Oil ( 100 ML),Flipkart,1033,24792,755,3.05%,94,39386,38.13x,2.6%
2026-08-02,VEQIX HAIR OIL 1,Praya HairOil for Hair fall Control and Growth Hair Oil With Neem Lotus Tea Tree Hair Oil ( 100 ML),Meesho,529,9522,319,3.35%,22,9218,17.43x,5.7%
2026-08-01,VEQIX HAIR OIL 1,Praya HairOil for Hair fall Control and Growth Hair Oil With Neem Lotus Tea Tree Hair Oil ( 100 ML),Myntra,1102,39672,1920,4.84%,78,32682,29.66x,3.4%
2026-07-31,VEQIX HAIR OIL 1,Praya HairOil for Hair fall Control and Growth Hair Oil With Neem Lotus Tea Tree Hair Oil ( 100 ML),Own Website,753,23343,511,2.19%,47,19693,26.15x,3.8%
2026-07-30,VEQIX HAIR OIL 1,Praya HairOil for Hair fall Control and Growth Hair Oil With Neem Lotus Tea Tree Hair Oil ( 100 ML),Amazon,1288,27048,883,3.26%,99,41481,32.21x,3.1%
2026-07-29,VEQIX HAIR OIL 1,Praya HairOil for Hair fall Control and Growth Hair Oil With Neem Lotus Tea Tree Hair Oil ( 100 ML),Flipkart,1118,27950,982,3.51%,93,38967,34.85x,2.9%
2026-07-28,VEQIX HAIR OIL 1,Praya HairOil for Hair fall Control and Growth Hair Oil With Neem Lotus Tea Tree Hair Oil ( 100 ML),Meesho,717,25095,1337,5.33%,102,42738,59.61x,1.7%
2026-08-11,RM-Hair-Oil-DH-Serum,Hair Oil with Rosemary Pro Hair Serum,Own Website,333,7659,218,2.85%,16,6704,20.13x,5.0%
2026-08-10,RM-Hair-Oil-DH-Serum,Hair Oil with Rosemary Pro Hair Serum,Amazon,749,19474,786,4.04%,65,27235,36.36x,2.8%
2026-08-09,RM-Hair-Oil-DH-Serum,Hair Oil with Rosemary Pro Hair Serum,Flipkart,783,19575,591,3.02%,58,24302,31.04x,3.2%
2026-08-08,RM-Hair-Oil-DH-Serum,Hair Oil with Rosemary Pro Hair Serum,Meesho,789,11835,186,1.57%,8,3352,4.25x,23.5%
2026-08-07,RM-Hair-Oil-DH-Serum,Hair Oil with Rosemary Pro Hair Serum,Myntra,551,21489,644,3.00%,78,32682,59.31x,1.7%
2026-08-06,RM-Hair-Oil-DH-Serum,Hair Oil with Rosemary Pro Hair Serum,Own Website,572,21164,1096,5.18%,161,67459,117.94x,0.8%
2026-08-05,RM-Hair-Oil-DH-Serum,Hair Oil with Rosemary Pro Hair Serum,Amazon,1165,40775,697,1.71%,76,31844,27.33x,3.7%
2026-08-04,RM-Hair-Oil-DH-Serum,Hair Oil with Rosemary Pro Hair Serum,Flipkart,739,25865,562,2.17%,23,9637,13.04x,7.7%
2026-08-03,RM-Hair-Oil-DH-Serum,Hair Oil with Rosemary Pro Hair Serum,Meesho,639,14058,406,2.89%,18,7542,11.80x,8.5%
2026-08-02,RM-Hair-Oil-DH-Serum,Hair Oil with Rosemary Pro Hair Serum,Myntra,1024,20480,1055,5.15%,94,39386,38.46x,2.6%
2026-08-01,RM-Hair-Oil-DH-Serum,Hair Oil with Rosemary Pro Hair Serum,Own Website,638,14036,336,2.39%,29,12151,19.05x,5.3%
2026-07-31,RM-Hair-Oil-DH-Serum,Hair Oil with Rosemary Pro Hair Serum,Amazon,958,20118,312,1.55%,31,12989,13.56x,7.4%
2026-07-30,RM-Hair-Oil-DH-Serum,Hair Oil with Rosemary Pro Hair Serum,Flipkart,1026,36936,1202,3.25%,61,25559,24.91x,4.0%
2026-07-29,RM-Hair-Oil-DH-Serum,Hair Oil with Rosemary Pro Hair Serum,Meesho,377,12818,309,2.41%,27,11313,30.01x,3.3%
2026-07-28,RM-Hair-Oil-DH-Serum,Hair Oil with Rosemary Pro Hair Serum,Myntra,1304,36512,1183,3.24%,126,52794,40.49x,2.5%
2026-08-11,VQ-Honey-Almond-Body-Lotion-003,Veqix Almond Nourshing Body Lotion 900ml,Amazon,1289,21913,518,2.36%,56,23464,18.20x,5.5%
2026-08-10,VQ-Honey-Almond-Body-Lotion-003,Veqix Almond Nourshing Body Lotion 900ml,Flipkart,1328,30544,1108,3.63%,96,40224,30.29x,3.3%
2026-08-09,VQ-Honey-Almond-Body-Lotion-003,Veqix Almond Nourshing Body Lotion 900ml,Meesho,590,20060,1086,5.41%,52,21788,36.93x,2.7%
2026-08-08,VQ-Honey-Almond-Body-Lotion-003,Veqix Almond Nourshing Body Lotion 900ml,Myntra,152,5016,231,4.61%,26,10894,71.67x,1.4%
2026-08-07,VQ-Honey-Almond-Body-Lotion-003,Veqix Almond Nourshing Body Lotion 900ml,Own Website,998,31936,1273,3.99%,190,79610,79.77x,1.3%
2026-08-06,VQ-Honey-Almond-Body-Lotion-003,Veqix Almond Nourshing Body Lotion 900ml,Amazon,367,8074,239,2.96%,34,14246,38.82x,2.6%
2026-08-05,VQ-Honey-Almond-Body-Lotion-003,Veqix Almond Nourshing Body Lotion 900ml,Flipkart,713,17825,502,2.82%,60,25140,35.26x,2.8%
2026-08-04,VQ-Honey-Almond-Body-Lotion-003,Veqix Almond Nourshing Body Lotion 900ml,Meesho,172,3612,150,4.15%,11,4609,26.80x,3.7%
2026-08-03,VQ-Honey-Almond-Body-Lotion-003,Veqix Almond Nourshing Body Lotion 900ml,Myntra,983,17694,510,2.88%,69,28911,29.41x,3.4%
2026-08-02,VQ-Honey-Almond-Body-Lotion-003,Veqix Almond Nourshing Body Lotion 900ml,Own Website,1191,34539,1062,3.07%,121,50699,42.57x,2.3%
2026-08-01,VQ-Honey-Almond-Body-Lotion-003,Veqix Almond Nourshing Body Lotion 900ml,Amazon,537,15036,777,5.17%,105,43995,81.93x,1.2%
2026-07-31,VQ-Honey-Almond-Body-Lotion-003,Veqix Almond Nourshing Body Lotion 900ml,Flipkart,602,9030,174,1.93%,11,4609,7.66x,13.1%
2026-07-30,VQ-Honey-Almond-Body-Lotion-003,Veqix Almond Nourshing Body Lotion 900ml,Meesho,937,30921,1376,4.45%,198,82962,88.54x,1.1%
2026-07-29,VQ-Honey-Almond-Body-Lotion-003,Veqix Almond Nourshing Body Lotion 900ml,Myntra,723,23136,737,3.19%,71,29749,41.15x,2.4%
2026-07-28,VQ-Honey-Almond-Body-Lotion-003,Veqix Almond Nourshing Body Lotion 900ml,Own Website,1201,31226,1332,4.27%,74,31006,25.82x,3.9%
2026-08-11,VQ-Flaxseed-Gel-03,Veqix Flaxseed Gel (300 ml) | For Hair & Skin | Frizz-Control | Smoothening | Moisture Rich | Soft Long Hair,Flipkart,564,17484,377,2.16%,52,21788,38.63x,2.6%
2026-08-10,VQ-Flaxseed-Gel-03,Veqix Flaxseed Gel (300 ml) | For Hair & Skin | Frizz-Control | Smoothening | Moisture Rich | Soft Long Hair,Meesho,676,18252,327,1.79%,29,12151,17.97x,5.6%
2026-08-09,VQ-Flaxseed-Gel-03,Veqix Flaxseed Gel (300 ml) | For Hair & Skin | Frizz-Control | Smoothening | Moisture Rich | Soft Long Hair,Myntra,325,9100,452,4.97%,55,23045,70.91x,1.4%
2026-08-08,VQ-Flaxseed-Gel-03,Veqix Flaxseed Gel (300 ml) | For Hair & Skin | Frizz-Control | Smoothening | Moisture Rich | Soft Long Hair,Own Website,745,17880,492,2.75%,41,17179,23.06x,4.3%
2026-08-07,VQ-Flaxseed-Gel-03,Veqix Flaxseed Gel (300 ml) | For Hair & Skin | Frizz-Control | Smoothening | Moisture Rich | Soft Long Hair,Amazon,1095,33945,913,2.69%,71,29749,27.17x,3.7%
2026-08-06,VQ-Flaxseed-Gel-03,Veqix Flaxseed Gel (300 ml) | For Hair & Skin | Frizz-Control | Smoothening | Moisture Rich | Soft Long Hair,Flipkart,1258,42772,978,2.29%,95,39805,31.64x,3.2%
2026-08-05,VQ-Flaxseed-Gel-03,Veqix Flaxseed Gel (300 ml) | For Hair & Skin | Frizz-Control | Smoothening | Moisture Rich | Soft Long Hair,Meesho,655,14410,678,4.71%,35,14665,22.39x,4.5%
2026-08-04,VQ-Flaxseed-Gel-03,Veqix Flaxseed Gel (300 ml) | For Hair & Skin | Frizz-Control | Smoothening | Moisture Rich | Soft Long Hair,Myntra,193,3474,159,4.58%,20,8380,43.42x,2.3%
2026-08-03,VQ-Flaxseed-Gel-03,Veqix Flaxseed Gel (300 ml) | For Hair & Skin | Frizz-Control | Smoothening | Moisture Rich | Soft Long Hair,Own Website,580,15080,542,3.59%,39,16341,28.17x,3.5%
2026-08-02,VQ-Flaxseed-Gel-03,Veqix Flaxseed Gel (300 ml) | For Hair & Skin | Frizz-Control | Smoothening | Moisture Rich | Soft Long Hair,Amazon,1132,38488,2109,5.48%,145,60755,53.67x,1.9%
2026-08-01,VQ-Flaxseed-Gel-03,Veqix Flaxseed Gel (300 ml) | For Hair & Skin | Frizz-Control | Smoothening | Moisture Rich | Soft Long Hair,Flipkart,1310,26200,1017,3.88%,133,55727,42.54x,2.4%
2026-07-31,VQ-Flaxseed-Gel-03,Veqix Flaxseed Gel (300 ml) | For Hair & Skin | Frizz-Control | Smoothening | Moisture Rich | Soft Long Hair,Meesho,189,6048,241,3.98%,22,9218,48.77x,2.1%
2026-07-30,VQ-Flaxseed-Gel-03,Veqix Flaxseed Gel (300 ml) | For Hair & Skin | Frizz-Control | Smoothening | Moisture Rich | Soft Long Hair,Myntra,902,27060,1197,4.42%,138,57822,64.10x,1.6%
2026-07-29,VQ-Flaxseed-Gel-03,Veqix Flaxseed Gel (300 ml) | For Hair & Skin | Frizz-Control | Smoothening | Moisture Rich | Soft Long Hair,Own Website,669,26091,1084,4.15%,127,53213,79.54x,1.3%
2026-07-28,VQ-Flaxseed-Gel-03,Veqix Flaxseed Gel (300 ml) | For Hair & Skin | Frizz-Control | Smoothening | Moisture Rich | Soft Long Hair,Amazon,901,15317,609,3.98%,66,27654,30.69x,3.3%